/cello/U2s_4d0ZLT8.wav,/cello/U2s_4d0ZLT8.mp4,187
/xylophone/EHKq3-zwphs.wav,/xylophone/EHKq3-zwphs.mp4,121
/drum/NxcaesZGezI.wav,/drum/NxcaesZGezI.mp4,262
/bassoon/VcvG3_CEScw.wav,/bassoon/VcvG3_CEScw.mp4,92
/piano/Amk7Ssb5EHo.wav,/piano/Amk7Ssb5EHo.mp4,150
/bagpipe/8VfMykySryc.wav,/bagpipe/8VfMykySryc.mp4,619
/bassoon/WaiDZX7FH-8.wav,/bassoon/WaiDZX7FH-8.mp4,89
/trumpet/ZRpsKMe5dSg.wav,/trumpet/ZRpsKMe5dSg.mp4,112
/cello/IcV9yqQOqkw.wav,/cello/IcV9yqQOqkw.mp4,107
/xylophone/GF-3c8hBi9I.wav,/xylophone/GF-3c8hBi9I.mp4,194
/bassoon/ADWqPAMyXto.wav,/bassoon/ADWqPAMyXto.mp4,343
/tuba/LUZf782HzNo.wav,/tuba/LUZf782HzNo.mp4,163
/ukulele/_E3NGUxRSo0.wav,/ukulele/_E3NGUxRSo0.mp4,177
/pipa/7171YEDwyGc.wav,/pipa/7171YEDwyGc.mp4,288
/ukulele/9wCGsvu_3Aw.wav,/ukulele/9wCGsvu_3Aw.mp4,251
/acoustic_guitar/XTKxjzg1xwM.wav,/acoustic_guitar/XTKxjzg1xwM.mp4,191
/piano/2P83WJXifEs.wav,/piano/2P83WJXifEs.mp4,437
/cello/MUalqwUFrPs.wav,/cello/MUalqwUFrPs.mp4,219
/flute/QAiwlq3aP2U.wav,/flute/QAiwlq3aP2U.mp4,141
/guzheng/stnmYDeNpZM.wav,/guzheng/stnmYDeNpZM.mp4,503
/piano/kZ4v2VjPWQY.wav,/piano/kZ4v2VjPWQY.mp4,229
/flute/hYepU4PQFAo.wav,/flute/hYepU4PQFAo.mp4,59
/flute/7Zudy1bw7bw.wav,/flute/7Zudy1bw7bw.mp4,192
/congas/5QQb0kt_kAA.wav,/congas/5QQb0kt_kAA.mp4,157
/xylophone/PF9PrzmkR2Q.wav,/xylophone/PF9PrzmkR2Q.mp4,88
/drum/F4IPsMGMPgM.wav,/drum/F4IPsMGMPgM.mp4,383
/violin/ySFS1KgXerA.wav,/violin/ySFS1KgXerA.mp4,192
/erhu/BBIENSA_GkE.wav,/erhu/BBIENSA_GkE.mp4,60
/cello/M3YZEmQyt6c.wav,/cello/M3YZEmQyt6c.mp4,210
/bassoon/FYqqkgkeYrI.wav,/bassoon/FYqqkgkeYrI.mp4,47
/drum/Vk9YR-NLkmQ.wav,/drum/Vk9YR-NLkmQ.mp4,222
/drum/aXeErkTlDEg.wav,/drum/aXeErkTlDEg.mp4,205
/xylophone/KPTyodoU2ng.wav,/xylophone/KPTyodoU2ng.mp4,191
/clarinet/0IRJ75zgcAY.wav,/clarinet/0IRJ75zgcAY.mp4,179
/acoustic_guitar/9SZLDvRaHEA.wav,/acoustic_guitar/9SZLDvRaHEA.mp4,131
/bassoon/XFcB4jGhOBE.wav,/bassoon/XFcB4jGhOBE.mp4,33
/bagpipe/vd1dgdxlA94.wav,/bagpipe/vd1dgdxlA94.mp4,257
/piano/ZrLi-YLGVnk.wav,/piano/ZrLi-YLGVnk.mp4,173
/congas/HhWAn3EXqrA.wav,/congas/HhWAn3EXqrA.mp4,100
/pipa/KGpMybCq8lg.wav,/pipa/KGpMybCq8lg.mp4,567
/accordion/s1hBC8N4-Zo.wav,/accordion/s1hBC8N4-Zo.mp4,155
/erhu/V9rjOI5YEDE.wav,/erhu/V9rjOI5YEDE.mp4,121
/guzheng/8zJgbPSLDLw.wav,/guzheng/8zJgbPSLDLw.mp4,172
/banjo/D-2OOEcv_ZI.wav,/banjo/D-2OOEcv_ZI.mp4,94
/violin/41b8GUEx-OM.wav,/violin/41b8GUEx-OM.mp4,137
/acoustic_guitar/AAnID4RS7Vg.wav,/acoustic_guitar/AAnID4RS7Vg.mp4,248
/bassoon/LCfjGiTfHfI.wav,/bassoon/LCfjGiTfHfI.mp4,250
/pipa/clVigOfCCNc.wav,/pipa/clVigOfCCNc.mp4,360
/congas/-H44pbRIg7s.wav,/congas/-H44pbRIg7s.mp4,128
/bassoon/2XY77lk_LCQ.wav,/bassoon/2XY77lk_LCQ.mp4,22
/acoustic_guitar/M3dekVSwNjY.wav,/acoustic_guitar/M3dekVSwNjY.mp4,199
/pipa/zOWt7kRh9e8.wav,/pipa/zOWt7kRh9e8.mp4,173
/pipa/y-zrDsBWRnM.wav,/pipa/y-zrDsBWRnM.mp4,135
/ukulele/aV-74W7SdJ4.wav,/ukulele/aV-74W7SdJ4.mp4,42
/congas/1fbHYpRstQs.wav,/congas/1fbHYpRstQs.mp4,269
/trumpet/zhaLSfnahL0.wav,/trumpet/zhaLSfnahL0.mp4,61
/electric_bass/qLfSgZThsDM.wav,/electric_bass/qLfSgZThsDM.mp4,241
/tuba/VA1EolcDwZI.wav,/tuba/VA1EolcDwZI.mp4,81
/clarinet/WnUAJsk97k4.wav,/clarinet/WnUAJsk97k4.mp4,129
/pipa/6AukD08i9GM.wav,/pipa/6AukD08i9GM.mp4,187
/banjo/-XMgVGqJm8U.wav,/banjo/-XMgVGqJm8U.mp4,199
/piano/wuVq8ksXZ8c.wav,/piano/wuVq8ksXZ8c.mp4,222
/congas/4B-mDmpRA4I.wav,/congas/4B-mDmpRA4I.mp4,374
/banjo/5675YbIvcz0.wav,/banjo/5675YbIvcz0.mp4,142
/acoustic_guitar/Czn6lg--pRw.wav,/acoustic_guitar/Czn6lg--pRw.mp4,200
/piano/GhwLgGnTMG8.wav,/piano/GhwLgGnTMG8.mp4,91
/flute/tAuYNf2hqHU.wav,/flute/tAuYNf2hqHU.mp4,103
/violin/-_jlqeSs6ZU.wav,/violin/-_jlqeSs6ZU.mp4,78
/accordion/QaOUijKCqZU.wav,/accordion/QaOUijKCqZU.mp4,122
/cello/WVeheJFHQS4.wav,/cello/WVeheJFHQS4.mp4,209
/acoustic_guitar/PY3pK0Guf2Y.wav,/acoustic_guitar/PY3pK0Guf2Y.mp4,77
/pipa/9CvJ2b4R4ts.wav,/pipa/9CvJ2b4R4ts.mp4,183
/tuba/1rcU3mH1VVA.wav,/tuba/1rcU3mH1VVA.mp4,85
/flute/cyUUlWSEujk.wav,/flute/cyUUlWSEujk.mp4,42
/cello/Mh2tJbJiWQQ.wav,/cello/Mh2tJbJiWQQ.mp4,185
/electric_bass/dAhEqfqAv38.wav,/electric_bass/dAhEqfqAv38.mp4,253
/piano/itv0qI0s0Cc.wav,/piano/itv0qI0s0Cc.mp4,201
/drum/5DYC92362Qg.wav,/drum/5DYC92362Qg.mp4,191
/electric_bass/jf0ondpk0jE.wav,/electric_bass/jf0ondpk0jE.mp4,285
/pipa/qljUWQ1rY3Q.wav,/pipa/qljUWQ1rY3Q.mp4,931
/cello/1Ju4S0qeDqw.wav,/cello/1Ju4S0qeDqw.mp4,173
/bagpipe/wfGx5L88O4Q.wav,/bagpipe/wfGx5L88O4Q.mp4,186
/xylophone/Lp9rAMPaqLQ.wav,/xylophone/Lp9rAMPaqLQ.mp4,218
/violin/9dOqmTMqp1k.wav,/violin/9dOqmTMqp1k.mp4,100
/violin/XlvlHfWjKx4.wav,/violin/XlvlHfWjKx4.mp4,169
/clarinet/GQGBzVaDTmM.wav,/clarinet/GQGBzVaDTmM.mp4,88
/pipa/xeaucgrqsTY.wav,/pipa/xeaucgrqsTY.mp4,399
/electric_bass/QWttV5rZMrg.wav,/electric_bass/QWttV5rZMrg.mp4,333
/trumpet/ufsSRKgUb6g.wav,/trumpet/ufsSRKgUb6g.mp4,24
/guzheng/F_AqoGpCWHg.wav,/guzheng/F_AqoGpCWHg.mp4,187
/congas/7VEwnKM85xs.wav,/congas/7VEwnKM85xs.mp4,515
/banjo/LeH5Urwtlug.wav,/banjo/LeH5Urwtlug.mp4,212
/congas/3C4RYkpivCU.wav,/congas/3C4RYkpivCU.mp4,254
/acoustic_guitar/CeOAuSm1NUo.wav,/acoustic_guitar/CeOAuSm1NUo.mp4,188
/bassoon/bLvdb6haNVk.wav,/bassoon/bLvdb6haNVk.mp4,41
/acoustic_guitar/Y-dpHbPGQWE.wav,/acoustic_guitar/Y-dpHbPGQWE.mp4,235
/ukulele/_vK5_XW9GSY.wav,/ukulele/_vK5_XW9GSY.mp4,223
/cello/-Gdh8N_KpLY.wav,/cello/-Gdh8N_KpLY.mp4,211
/guzheng/iV7keFNGaYg.wav,/guzheng/iV7keFNGaYg.mp4,332
/tuba/UNFwNbFdiTI.wav,/tuba/UNFwNbFdiTI.mp4,90
/acoustic_guitar/416UlJvv3aA.wav,/acoustic_guitar/416UlJvv3aA.mp4,185
/electric_bass/YPYX83m1n_g.wav,/electric_bass/YPYX83m1n_g.mp4,291
/accordion/RRjph7N4hvk.wav,/accordion/RRjph7N4hvk.mp4,161
/bassoon/35mRHs8Zers.wav,/bassoon/35mRHs8Zers.mp4,317
/accordion/Z_yNLFYjpsY.wav,/accordion/Z_yNLFYjpsY.mp4,107
/congas/KsvxsTNvqno.wav,/congas/KsvxsTNvqno.mp4,27
/acoustic_guitar/2eXkRj4DjaM.wav,/acoustic_guitar/2eXkRj4DjaM.mp4,269
/drum/OVv7XW_4lN8.wav,/drum/OVv7XW_4lN8.mp4,334
/pipa/HXHJ1hPyHd8.wav,/pipa/HXHJ1hPyHd8.mp4,64
/piano/2_valn6NOrQ.wav,/piano/2_valn6NOrQ.mp4,487
/saxophone/iEOdwzdXmfE.wav,/saxophone/iEOdwzdXmfE.mp4,90
/bagpipe/C74cF3O6ZFo.wav,/bagpipe/C74cF3O6ZFo.mp4,178
/bassoon/CO6CPC-NZhE.wav,/bassoon/CO6CPC-NZhE.mp4,225
/tuba/Xm5a8vCHlFw.wav,/tuba/Xm5a8vCHlFw.mp4,58
/bagpipe/PeT8aBVvtFI.wav,/bagpipe/PeT8aBVvtFI.mp4,221
/pipa/GL-1Ke5Keok.wav,/pipa/GL-1Ke5Keok.mp4,219
/piano/co1QtO9H8zQ.wav,/piano/co1QtO9H8zQ.mp4,190
/clarinet/IZx6ZXWuOGY.wav,/clarinet/IZx6ZXWuOGY.mp4,121
/guzheng/nCEKU3Rpvok.wav,/guzheng/nCEKU3Rpvok.mp4,76
/guzheng/4bAhK1C6BWw.wav,/guzheng/4bAhK1C6BWw.mp4,92
/saxophone/OxA5Z_5-w0E.wav,/saxophone/OxA5Z_5-w0E.mp4,180
/electric_bass/W8buacmF8g0.wav,/electric_bass/W8buacmF8g0.mp4,214
/saxophone/EIpvnh0otts.wav,/saxophone/EIpvnh0otts.mp4,152
/electric_bass/7gP4eJzp8Ro.wav,/electric_bass/7gP4eJzp8Ro.mp4,247
/acoustic_guitar/8YELO9yxs_c.wav,/acoustic_guitar/8YELO9yxs_c.mp4,191
/drum/XlxYlk8IShg.wav,/drum/XlxYlk8IShg.mp4,166
/bagpipe/-ktVpJDWu_k.wav,/bagpipe/-ktVpJDWu_k.mp4,335
/acoustic_guitar/8LU-kq19V3Y.wav,/acoustic_guitar/8LU-kq19V3Y.mp4,95
/cello/VlIcqDWmPkw.wav,/cello/VlIcqDWmPkw.mp4,190
/saxophone/P5pxcBdxa4E.wav,/saxophone/P5pxcBdxa4E.mp4,37
/pipa/Uh_PzT65l2E.wav,/pipa/Uh_PzT65l2E.mp4,231
/drum/WVyd3N6u5YE.wav,/drum/WVyd3N6u5YE.mp4,187
/tuba/ASUUqMvTdjg.wav,/tuba/ASUUqMvTdjg.mp4,41
/violin/ZgGEuzLZw2E.wav,/violin/ZgGEuzLZw2E.mp4,98
/drum/4wZP4fl-JGQ.wav,/drum/4wZP4fl-JGQ.mp4,210
/electric_bass/0lSLVJRTeEI.wav,/electric_bass/0lSLVJRTeEI.mp4,154
/saxophone/QOYMhOXfGMw.wav,/saxophone/QOYMhOXfGMw.mp4,190
/clarinet/5ESDEU04WSQ.wav,/clarinet/5ESDEU04WSQ.mp4,184
/clarinet/P5nnnybNQ_o.wav,/clarinet/P5nnnybNQ_o.mp4,92
/congas/2C8PwkOElRg.wav,/congas/2C8PwkOElRg.mp4,183
/accordion/ADxyFxpe1ls.wav,/accordion/ADxyFxpe1ls.mp4,218
/trumpet/EwG7o3SS-r0.wav,/trumpet/EwG7o3SS-r0.mp4,91
/violin/QqKlMPzQj7k.wav,/violin/QqKlMPzQj7k.mp4,101
/ukulele/bGfyLBoZPM4.wav,/ukulele/bGfyLBoZPM4.mp4,365
/xylophone/fhzqzm0dYuE.wav,/xylophone/fhzqzm0dYuE.mp4,159
/bagpipe/Q8efUjCGqvo.wav,/bagpipe/Q8efUjCGqvo.mp4,204
/saxophone/e5YNEk9Ye-o.wav,/saxophone/e5YNEk9Ye-o.mp4,68
/bassoon/_YvHViIph10.wav,/bassoon/_YvHViIph10.mp4,547
/accordion/Dcp8AuzTG-w.wav,/accordion/Dcp8AuzTG-w.mp4,157
/cello/MvkJvZSOmjY.wav,/cello/MvkJvZSOmjY.mp4,47
/bagpipe/TM-dWqH4qFI.wav,/bagpipe/TM-dWqH4qFI.mp4,336
/violin/MfzC4e3nD4I.wav,/violin/MfzC4e3nD4I.mp4,176
/pipa/-eNT-Gvikbs.wav,/pipa/-eNT-Gvikbs.mp4,517
/ukulele/_GX2U3acD10.wav,/ukulele/_GX2U3acD10.mp4,136
/bagpipe/tWH7qKYl5uQ.wav,/bagpipe/tWH7qKYl5uQ.mp4,146
/erhu/3n-vlswrQYM.wav,/erhu/3n-vlswrQYM.mp4,42
/bagpipe/Ee9n3mxehr4.wav,/bagpipe/Ee9n3mxehr4.mp4,223
/flute/WNeHlya4VnQ.wav,/flute/WNeHlya4VnQ.mp4,94
/accordion/ZoE25YHTGDQ.wav,/accordion/ZoE25YHTGDQ.mp4,129
/congas/341do4TeJT0.wav,/congas/341do4TeJT0.mp4,340
/xylophone/NdzCe7COROw.wav,/xylophone/NdzCe7COROw.mp4,222
/bagpipe/hs8tK5bp5D8.wav,/bagpipe/hs8tK5bp5D8.mp4,235
/accordion/PMDSfAZ4-eo.wav,/accordion/PMDSfAZ4-eo.mp4,231
/electric_bass/APf1PdRXnOU.wav,/electric_bass/APf1PdRXnOU.mp4,264
/accordion/6hQHOZNwfRs.wav,/accordion/6hQHOZNwfRs.mp4,165
/erhu/PFX2WTY9gWI.wav,/erhu/PFX2WTY9gWI.mp4,113
/drum/7uQ-FX2YPYY.wav,/drum/7uQ-FX2YPYY.mp4,201
/ukulele/_49-JJzSxTw.wav,/ukulele/_49-JJzSxTw.mp4,207
/bassoon/LzTaV_X7srE.wav,/bassoon/LzTaV_X7srE.mp4,72
/clarinet/PNnZ8wScXjw.wav,/clarinet/PNnZ8wScXjw.mp4,13
/electric_bass/XbEz1mvQyvY.wav,/electric_bass/XbEz1mvQyvY.mp4,209
/guzheng/kao4iqPuQBI.wav,/guzheng/kao4iqPuQBI.mp4,328
/erhu/I5IYfx7ontI.wav,/erhu/I5IYfx7ontI.mp4,175
/bassoon/2toke35E958.wav,/bassoon/2toke35E958.mp4,56
/flute/3-zT9mN8Lio.wav,/flute/3-zT9mN8Lio.mp4,65
/acoustic_guitar/09C8NuLfsxc.wav,/acoustic_guitar/09C8NuLfsxc.mp4,409
/flute/sybsjsj1zPo.wav,/flute/sybsjsj1zPo.mp4,214
/electric_bass/Giy_Btup7DQ.wav,/electric_bass/Giy_Btup7DQ.mp4,176
/erhu/TWrh_c9YRp8.wav,/erhu/TWrh_c9YRp8.mp4,142
/acoustic_guitar/HGlIImajcRI.wav,/acoustic_guitar/HGlIImajcRI.mp4,198
/electric_bass/3yRMbH36HRE.wav,/electric_bass/3yRMbH36HRE.mp4,301
/acoustic_guitar/ZeQPNWdFs_4.wav,/acoustic_guitar/ZeQPNWdFs_4.mp4,212
/banjo/aFRh4pn6yzY.wav,/banjo/aFRh4pn6yzY.mp4,83
/bagpipe/M7FQHjE1AGY.wav,/bagpipe/M7FQHjE1AGY.mp4,442
/guzheng/_3pLesuLT4w.wav,/guzheng/_3pLesuLT4w.mp4,132
/guzheng/mStEBZoQYp8.wav,/guzheng/mStEBZoQYp8.mp4,164
/clarinet/GKwO7cy2JIA.wav,/clarinet/GKwO7cy2JIA.mp4,137
/trumpet/nKc4srJBgYU.wav,/trumpet/nKc4srJBgYU.mp4,48
/accordion/4jGq3kfsJpg.wav,/accordion/4jGq3kfsJpg.mp4,60
/bassoon/DIt3yL8CN_s.wav,/bassoon/DIt3yL8CN_s.mp4,246
/saxophone/FR_1gEaBeeE.wav,/saxophone/FR_1gEaBeeE.mp4,99
/acoustic_guitar/72yB-xyIcGI.wav,/acoustic_guitar/72yB-xyIcGI.mp4,224
/flute/SAN5JBTnlas.wav,/flute/SAN5JBTnlas.mp4,58
/violin/TOLoplXKr7U.wav,/violin/TOLoplXKr7U.mp4,138
/ukulele/3d3uNrjqXB4.wav,/ukulele/3d3uNrjqXB4.mp4,214
/accordion/XZ1rUpbdu-Y.wav,/accordion/XZ1rUpbdu-Y.mp4,54
/drum/dfLQaboaa84.wav,/drum/dfLQaboaa84.mp4,295
/xylophone/Jd5heRezP5s.wav,/xylophone/Jd5heRezP5s.mp4,113