/cello/U2s_4d0ZLT8.wav, /flute/7Zudy1bw7bw.wav
/xylophone/EHKq3-zwphs.wav, /guzheng/F_AqoGpCWHg.wav
/drum/NxcaesZGezI.wav, /pipa/9CvJ2b4R4ts.wav
/bassoon/VcvG3_CEScw.wav, /drum/Vk9YR-NLkmQ.wav
/piano/Amk7Ssb5EHo.wav, /pipa/GL-1Ke5Keok.wav
/bagpipe/8VfMykySryc.wav, /accordion/Z_yNLFYjpsY.wav
/bassoon/WaiDZX7FH-8.wav, /piano/kZ4v2VjPWQY.wav
/trumpet/ZRpsKMe5dSg.wav, /guzheng/nCEKU3Rpvok.wav
/cello/IcV9yqQOqkw.wav, /electric_bass/qLfSgZThsDM.wav
/xylophone/GF-3c8hBi9I.wav, /pipa/zOWt7kRh9e8.wav
/bassoon/ADWqPAMyXto.wav, /xylophone/KPTyodoU2ng.wav
/tuba/LUZf782HzNo.wav, /ukulele/9wCGsvu_3Aw.wav
/ukulele/_E3NGUxRSo0.wav, /congas/7VEwnKM85xs.wav
/pipa/7171YEDwyGc.wav, /banjo/LeH5Urwtlug.wav
/ukulele/9wCGsvu_3Aw.wav, /tuba/Xm5a8vCHlFw.wav
/acoustic_guitar/XTKxjzg1xwM.wav, /piano/itv0qI0s0Cc.wav
/piano/2P83WJXifEs.wav, /flute/WNeHlya4VnQ.wav
/cello/MUalqwUFrPs.wav, /trumpet/zhaLSfnahL0.wav
/flute/QAiwlq3aP2U.wav, /ukulele/3d3uNrjqXB4.wav
/guzheng/stnmYDeNpZM.wav, /saxophone/P5pxcBdxa4E.wav
/piano/kZ4v2VjPWQY.wav, /flute/3-zT9mN8Lio.wav
/flute/hYepU4PQFAo.wav, /ukulele/_vK5_XW9GSY.wav
/flute/7Zudy1bw7bw.wav, /saxophone/FR_1gEaBeeE.wav
/congas/5QQb0kt_kAA.wav, /bagpipe/-ktVpJDWu_k.wav
/xylophone/PF9PrzmkR2Q.wav, /accordion/Z_yNLFYjpsY.wav
/drum/F4IPsMGMPgM.wav, /bassoon/VcvG3_CEScw.wav
/violin/ySFS1KgXerA.wav, /acoustic_guitar/Y-dpHbPGQWE.wav
/erhu/BBIENSA_GkE.wav, /trumpet/ZRpsKMe5dSg.wav
/bassoon/FYqqkgkeYrI.wav, /pipa/7171YEDwyGc.wav
/drum/Vk9YR-NLkmQ.wav, /saxophone/P5pxcBdxa4E.wav
/drum/aXeErkTlDEg.wav, /violin/ZgGEuzLZw2E.wav
/xylophone/KPTyodoU2ng.wav, /violin/MfzC4e3nD4I.wav
/clarinet/0IRJ75zgcAY.wav, /violin/ySFS1KgXerA.wav
/acoustic_guitar/9SZLDvRaHEA.wav, /pipa/KGpMybCq8lg.wav
/bassoon/XFcB4jGhOBE.wav, /drum/NxcaesZGezI.wav
/bagpipe/vd1dgdxlA94.wav, /erhu/V9rjOI5YEDE.wav
/piano/ZrLi-YLGVnk.wav, /bassoon/FYqqkgkeYrI.wav
/congas/HhWAn3EXqrA.wav, /bagpipe/Q8efUjCGqvo.wav
/pipa/KGpMybCq8lg.wav, /acoustic_guitar/416UlJvv3aA.wav
/accordion/s1hBC8N4-Zo.wav, /tuba/LUZf782HzNo.wav
/erhu/V9rjOI5YEDE.wav, /drum/5DYC92362Qg.wav
/guzheng/8zJgbPSLDLw.wav, /congas/2C8PwkOElRg.wav
/banjo/D-2OOEcv_ZI.wav, /bagpipe/Ee9n3mxehr4.wav
/violin/41b8GUEx-OM.wav, /electric_bass/QWttV5rZMrg.wav
/acoustic_guitar/AAnID4RS7Vg.wav, /erhu/TWrh_c9YRp8.wav
/bassoon/LCfjGiTfHfI.wav, /accordion/RRjph7N4hvk.wav
/pipa/clVigOfCCNc.wav, /xylophone/EHKq3-zwphs.wav
/congas/-H44pbRIg7s.wav, /accordion/s1hBC8N4-Zo.wav
/bassoon/2XY77lk_LCQ.wav, /accordion/ZoE25YHTGDQ.wav
/acoustic_guitar/M3dekVSwNjY.wav, /piano/itv0qI0s0Cc.wav
/pipa/zOWt7kRh9e8.wav, /bagpipe/M7FQHjE1AGY.wav
/pipa/y-zrDsBWRnM.wav, /xylophone/Lp9rAMPaqLQ.wav
/ukulele/aV-74W7SdJ4.wav, /accordion/XZ1rUpbdu-Y.wav
/congas/1fbHYpRstQs.wav, /piano/2_valn6NOrQ.wav
/trumpet/zhaLSfnahL0.wav, /piano/itv0qI0s0Cc.wav
/electric_bass/qLfSgZThsDM.wav, /accordion/ADxyFxpe1ls.wav
/tuba/VA1EolcDwZI.wav, /bassoon/2XY77lk_LCQ.wav
/clarinet/WnUAJsk97k4.wav, /drum/OVv7XW_4lN8.wav
/pipa/6AukD08i9GM.wav, /acoustic_guitar/9SZLDvRaHEA.wav
/banjo/-XMgVGqJm8U.wav, /flute/cyUUlWSEujk.wav
/piano/wuVq8ksXZ8c.wav, /guzheng/_3pLesuLT4w.wav
/congas/4B-mDmpRA4I.wav, /erhu/I5IYfx7ontI.wav
/banjo/5675YbIvcz0.wav, /accordion/RRjph7N4hvk.wav
/acoustic_guitar/Czn6lg--pRw.wav, /electric_bass/7gP4eJzp8Ro.wav
/piano/GhwLgGnTMG8.wav, /cello/MvkJvZSOmjY.wav
/flute/tAuYNf2hqHU.wav, /acoustic_guitar/Y-dpHbPGQWE.wav
/violin/-_jlqeSs6ZU.wav, /drum/4wZP4fl-JGQ.wav
/accordion/QaOUijKCqZU.wav, /xylophone/NdzCe7COROw.wav
/cello/WVeheJFHQS4.wav, /banjo/5675YbIvcz0.wav
/acoustic_guitar/PY3pK0Guf2Y.wav, /pipa/-eNT-Gvikbs.wav
/pipa/9CvJ2b4R4ts.wav, /banjo/LeH5Urwtlug.wav
/tuba/1rcU3mH1VVA.wav, /congas/1fbHYpRstQs.wav
/flute/cyUUlWSEujk.wav, /acoustic_guitar/HGlIImajcRI.wav
/cello/Mh2tJbJiWQQ.wav, /acoustic_guitar/CeOAuSm1NUo.wav
/electric_bass/dAhEqfqAv38.wav, /clarinet/GQGBzVaDTmM.wav
/piano/itv0qI0s0Cc.wav, /guzheng/kao4iqPuQBI.wav
/drum/5DYC92362Qg.wav, /saxophone/QOYMhOXfGMw.wav
/electric_bass/jf0ondpk0jE.wav, /cello/-Gdh8N_KpLY.wav
/pipa/qljUWQ1rY3Q.wav, /xylophone/Jd5heRezP5s.wav
/cello/1Ju4S0qeDqw.wav, /trumpet/nKc4srJBgYU.wav
/bagpipe/wfGx5L88O4Q.wav, /tuba/ASUUqMvTdjg.wav
/xylophone/Lp9rAMPaqLQ.wav, /electric_bass/Giy_Btup7DQ.wav
/violin/9dOqmTMqp1k.wav, /clarinet/GKwO7cy2JIA.wav
/violin/XlvlHfWjKx4.wav, /pipa/KGpMybCq8lg.wav
/clarinet/GQGBzVaDTmM.wav, /electric_bass/3yRMbH36HRE.wav
/pipa/xeaucgrqsTY.wav, /xylophone/NdzCe7COROw.wav
/electric_bass/QWttV5rZMrg.wav, /banjo/LeH5Urwtlug.wav
/trumpet/ufsSRKgUb6g.wav, /bagpipe/Q8efUjCGqvo.wav
/guzheng/F_AqoGpCWHg.wav, /pipa/GL-1Ke5Keok.wav
/congas/7VEwnKM85xs.wav, /piano/GhwLgGnTMG8.wav
/banjo/LeH5Urwtlug.wav, /congas/341do4TeJT0.wav
/congas/3C4RYkpivCU.wav, /xylophone/GF-3c8hBi9I.wav
/acoustic_guitar/CeOAuSm1NUo.wav, /erhu/TWrh_c9YRp8.wav
/bassoon/bLvdb6haNVk.wav, /ukulele/_E3NGUxRSo0.wav
/acoustic_guitar/Y-dpHbPGQWE.wav, /bassoon/CO6CPC-NZhE.wav
/ukulele/_vK5_XW9GSY.wav, /accordion/s1hBC8N4-Zo.wav
/cello/-Gdh8N_KpLY.wav, /drum/F4IPsMGMPgM.wav
/guzheng/iV7keFNGaYg.wav, /acoustic_guitar/Czn6lg--pRw.wav
/tuba/UNFwNbFdiTI.wav, /violin/TOLoplXKr7U.wav
/acoustic_guitar/416UlJvv3aA.wav, /ukulele/_vK5_XW9GSY.wav
/electric_bass/YPYX83m1n_g.wav, /guzheng/F_AqoGpCWHg.wav
/accordion/RRjph7N4hvk.wav, /ukulele/aV-74W7SdJ4.wav
/bassoon/35mRHs8Zers.wav, /electric_bass/7gP4eJzp8Ro.wav
/accordion/Z_yNLFYjpsY.wav, /electric_bass/W8buacmF8g0.wav
/congas/KsvxsTNvqno.wav, /bagpipe/-ktVpJDWu_k.wav
/acoustic_guitar/2eXkRj4DjaM.wav, /drum/F4IPsMGMPgM.wav
/drum/OVv7XW_4lN8.wav, /bassoon/2XY77lk_LCQ.wav
/pipa/HXHJ1hPyHd8.wav, /erhu/I5IYfx7ontI.wav
/piano/2_valn6NOrQ.wav, /electric_bass/YPYX83m1n_g.wav
/saxophone/iEOdwzdXmfE.wav, /flute/tAuYNf2hqHU.wav
/bagpipe/C74cF3O6ZFo.wav, /saxophone/e5YNEk9Ye-o.wav
/bassoon/CO6CPC-NZhE.wav, /tuba/LUZf782HzNo.wav
/tuba/Xm5a8vCHlFw.wav, /pipa/xeaucgrqsTY.wav
/bagpipe/PeT8aBVvtFI.wav, /drum/5DYC92362Qg.wav
/pipa/GL-1Ke5Keok.wav, /saxophone/e5YNEk9Ye-o.wav
/piano/co1QtO9H8zQ.wav, /saxophone/FR_1gEaBeeE.wav
/clarinet/IZx6ZXWuOGY.wav, /bassoon/XFcB4jGhOBE.wav
/guzheng/nCEKU3Rpvok.wav, /ukulele/_E3NGUxRSo0.wav
/guzheng/4bAhK1C6BWw.wav, /clarinet/IZx6ZXWuOGY.wav
/saxophone/OxA5Z_5-w0E.wav, /bagpipe/tWH7qKYl5uQ.wav
/electric_bass/W8buacmF8g0.wav, /violin/QqKlMPzQj7k.wav
/saxophone/EIpvnh0otts.wav, /bassoon/bLvdb6haNVk.wav
/electric_bass/7gP4eJzp8Ro.wav, /flute/3-zT9mN8Lio.wav
/acoustic_guitar/8YELO9yxs_c.wav, /drum/7uQ-FX2YPYY.wav
/drum/XlxYlk8IShg.wav, /saxophone/iEOdwzdXmfE.wav
/bagpipe/-ktVpJDWu_k.wav, /ukulele/3d3uNrjqXB4.wav
/acoustic_guitar/8LU-kq19V3Y.wav, /accordion/ZoE25YHTGDQ.wav
/cello/VlIcqDWmPkw.wav, /drum/NxcaesZGezI.wav
/saxophone/P5pxcBdxa4E.wav, /erhu/PFX2WTY9gWI.wav
/pipa/Uh_PzT65l2E.wav, /clarinet/P5nnnybNQ_o.wav
/drum/WVyd3N6u5YE.wav, /saxophone/P5pxcBdxa4E.wav
/tuba/ASUUqMvTdjg.wav, /ukulele/_E3NGUxRSo0.wav
/violin/ZgGEuzLZw2E.wav, /tuba/1rcU3mH1VVA.wav
/drum/4wZP4fl-JGQ.wav, /flute/3-zT9mN8Lio.wav
/electric_bass/0lSLVJRTeEI.wav, /bassoon/LCfjGiTfHfI.wav
/saxophone/QOYMhOXfGMw.wav, /bagpipe/C74cF3O6ZFo.wav
/clarinet/5ESDEU04WSQ.wav, /acoustic_guitar/Czn6lg--pRw.wav
/clarinet/P5nnnybNQ_o.wav, /accordion/RRjph7N4hvk.wav
/congas/2C8PwkOElRg.wav, /guzheng/mStEBZoQYp8.wav
/accordion/ADxyFxpe1ls.wav, /saxophone/QOYMhOXfGMw.wav
/trumpet/EwG7o3SS-r0.wav, /violin/ySFS1KgXerA.wav
/violin/QqKlMPzQj7k.wav, /xylophone/PF9PrzmkR2Q.wav
/ukulele/bGfyLBoZPM4.wav, /piano/2P83WJXifEs.wav
/xylophone/fhzqzm0dYuE.wav, /ukulele/_49-JJzSxTw.wav
/bagpipe/Q8efUjCGqvo.wav, /acoustic_guitar/HGlIImajcRI.wav
/saxophone/e5YNEk9Ye-o.wav, /flute/QAiwlq3aP2U.wav
/bassoon/_YvHViIph10.wav, /erhu/V9rjOI5YEDE.wav
/accordion/Dcp8AuzTG-w.wav, /tuba/ASUUqMvTdjg.wav
/cello/MvkJvZSOmjY.wav, /piano/2_valn6NOrQ.wav
/bagpipe/TM-dWqH4qFI.wav, /banjo/LeH5Urwtlug.wav
/violin/MfzC4e3nD4I.wav, /bagpipe/Q8efUjCGqvo.wav
/pipa/-eNT-Gvikbs.wav, /bagpipe/M7FQHjE1AGY.wav
/ukulele/_GX2U3acD10.wav, /pipa/y-zrDsBWRnM.wav
/bagpipe/tWH7qKYl5uQ.wav, /bassoon/XFcB4jGhOBE.wav
/erhu/3n-vlswrQYM.wav, /congas/4B-mDmpRA4I.wav
/bagpipe/Ee9n3mxehr4.wav, /bassoon/LCfjGiTfHfI.wav
/accordion/ZoE25YHTGDQ.wav, /violin/ySFS1KgXerA.wav
/congas/341do4TeJT0.wav, /bassoon/WaiDZX7FH-8.wav
/xylophone/NdzCe7COROw.wav, /acoustic_guitar/Y-dpHbPGQWE.wav
/bagpipe/hs8tK5bp5D8.wav, /congas/5QQb0kt_kAA.wav
/accordion/PMDSfAZ4-eo.wav, /flute/QAiwlq3aP2U.wav
/electric_bass/APf1PdRXnOU.wav, /piano/kZ4v2VjPWQY.wav
/accordion/6hQHOZNwfRs.wav, /flute/7Zudy1bw7bw.wav
/erhu/PFX2WTY9gWI.wav, /xylophone/fhzqzm0dYuE.wav
/drum/7uQ-FX2YPYY.wav, /accordion/s1hBC8N4-Zo.wav
/ukulele/_49-JJzSxTw.wav, /bagpipe/Q8efUjCGqvo.wav
/bassoon/LzTaV_X7srE.wav, /acoustic_guitar/AAnID4RS7Vg.wav
/clarinet/PNnZ8wScXjw.wav, /ukulele/_vK5_XW9GSY.wav
/electric_bass/XbEz1mvQyvY.wav, /acoustic_guitar/M3dekVSwNjY.wav
/guzheng/kao4iqPuQBI.wav, /piano/wuVq8ksXZ8c.wav
/erhu/I5IYfx7ontI.wav, /bagpipe/C74cF3O6ZFo.wav
/bassoon/2toke35E958.wav, /flute/7Zudy1bw7bw.wav
/flute/3-zT9mN8Lio.wav, /bassoon/LCfjGiTfHfI.wav
/acoustic_guitar/09C8NuLfsxc.wav, /trumpet/ufsSRKgUb6g.wav
/flute/sybsjsj1zPo.wav, /pipa/y-zrDsBWRnM.wav
/electric_bass/Giy_Btup7DQ.wav, /congas/7VEwnKM85xs.wav
/erhu/TWrh_c9YRp8.wav, /tuba/UNFwNbFdiTI.wav
/acoustic_guitar/HGlIImajcRI.wav, /tuba/LUZf782HzNo.wav
/electric_bass/3yRMbH36HRE.wav, /saxophone/EIpvnh0otts.wav
/acoustic_guitar/ZeQPNWdFs_4.wav, /cello/IcV9yqQOqkw.wav
/banjo/aFRh4pn6yzY.wav, /electric_bass/jf0ondpk0jE.wav
/bagpipe/M7FQHjE1AGY.wav, /erhu/PFX2WTY9gWI.wav
/guzheng/_3pLesuLT4w.wav, /drum/OVv7XW_4lN8.wav
/guzheng/mStEBZoQYp8.wav, /acoustic_guitar/PY3pK0Guf2Y.wav
/clarinet/GKwO7cy2JIA.wav, /accordion/QaOUijKCqZU.wav
/trumpet/nKc4srJBgYU.wav, /acoustic_guitar/ZeQPNWdFs_4.wav
/accordion/4jGq3kfsJpg.wav, /acoustic_guitar/8LU-kq19V3Y.wav
/bassoon/DIt3yL8CN_s.wav, /acoustic_guitar/72yB-xyIcGI.wav
/saxophone/FR_1gEaBeeE.wav, /piano/ZrLi-YLGVnk.wav
/acoustic_guitar/72yB-xyIcGI.wav, /tuba/VA1EolcDwZI.wav
/flute/SAN5JBTnlas.wav, /clarinet/PNnZ8wScXjw.wav
/violin/TOLoplXKr7U.wav, /acoustic_guitar/CeOAuSm1NUo.wav
/ukulele/3d3uNrjqXB4.wav, /violin/QqKlMPzQj7k.wav
/accordion/XZ1rUpbdu-Y.wav, /acoustic_guitar/PY3pK0Guf2Y.wav
/drum/dfLQaboaa84.wav, /pipa/-eNT-Gvikbs.wav
/xylophone/Jd5heRezP5s.wav, /bagpipe/wfGx5L88O4Q.wav
/cello/U2s_4d0ZLT8.wav, /xylophone/fhzqzm0dYuE.wav
/xylophone/EHKq3-zwphs.wav, /flute/3-zT9mN8Lio.wav
/drum/NxcaesZGezI.wav, /acoustic_guitar/HGlIImajcRI.wav
/bassoon/VcvG3_CEScw.wav, /clarinet/WnUAJsk97k4.wav
/piano/Amk7Ssb5EHo.wav, /xylophone/KPTyodoU2ng.wav
/bagpipe/8VfMykySryc.wav, /bassoon/VcvG3_CEScw.wav
/bassoon/WaiDZX7FH-8.wav, /xylophone/PF9PrzmkR2Q.wav
/trumpet/ZRpsKMe5dSg.wav, /acoustic_guitar/PY3pK0Guf2Y.wav
/cello/IcV9yqQOqkw.wav, /piano/ZrLi-YLGVnk.wav
/xylophone/GF-3c8hBi9I.wav, /electric_bass/qLfSgZThsDM.wav
/bassoon/ADWqPAMyXto.wav, /electric_bass/dAhEqfqAv38.wav
/tuba/LUZf782HzNo.wav, /guzheng/iV7keFNGaYg.wav
/ukulele/_E3NGUxRSo0.wav, /bassoon/ADWqPAMyXto.wav
/pipa/7171YEDwyGc.wav, /acoustic_guitar/9SZLDvRaHEA.wav
/ukulele/9wCGsvu_3Aw.wav, /electric_bass/YPYX83m1n_g.wav
/acoustic_guitar/XTKxjzg1xwM.wav, /congas/341do4TeJT0.wav
/piano/2P83WJXifEs.wav, /accordion/ZoE25YHTGDQ.wav
/cello/MUalqwUFrPs.wav, /piano/kZ4v2VjPWQY.wav
/flute/QAiwlq3aP2U.wav, /erhu/PFX2WTY9gWI.wav
/guzheng/stnmYDeNpZM.wav, /bassoon/XFcB4jGhOBE.wav
/piano/kZ4v2VjPWQY.wav, /acoustic_guitar/M3dekVSwNjY.wav
/flute/hYepU4PQFAo.wav, /pipa/KGpMybCq8lg.wav
/flute/7Zudy1bw7bw.wav, /congas/1fbHYpRstQs.wav
/congas/5QQb0kt_kAA.wav, /clarinet/GQGBzVaDTmM.wav
/xylophone/PF9PrzmkR2Q.wav, /acoustic_guitar/ZeQPNWdFs_4.wav
/drum/F4IPsMGMPgM.wav, /bassoon/XFcB4jGhOBE.wav
/violin/ySFS1KgXerA.wav, /accordion/XZ1rUpbdu-Y.wav
/erhu/BBIENSA_GkE.wav, /tuba/LUZf782HzNo.wav
/bassoon/FYqqkgkeYrI.wav, /piano/2P83WJXifEs.wav
/drum/Vk9YR-NLkmQ.wav, /cello/Mh2tJbJiWQQ.wav
/drum/aXeErkTlDEg.wav, /bassoon/FYqqkgkeYrI.wav
/xylophone/KPTyodoU2ng.wav, /piano/GhwLgGnTMG8.wav
/clarinet/0IRJ75zgcAY.wav, /bassoon/CO6CPC-NZhE.wav
/acoustic_guitar/9SZLDvRaHEA.wav, /accordion/Dcp8AuzTG-w.wav
/bassoon/XFcB4jGhOBE.wav, /violin/TOLoplXKr7U.wav
/bagpipe/vd1dgdxlA94.wav, /drum/dfLQaboaa84.wav
/congas/HhWAn3EXqrA.wav, /guzheng/iV7keFNGaYg.wav
/pipa/KGpMybCq8lg.wav, /acoustic_guitar/09C8NuLfsxc.wav
/accordion/s1hBC8N4-Zo.wav, /violin/9dOqmTMqp1k.wav
/erhu/V9rjOI5YEDE.wav, /banjo/aFRh4pn6yzY.wav
/guzheng/8zJgbPSLDLw.wav, /bagpipe/Q8efUjCGqvo.wav
/banjo/D-2OOEcv_ZI.wav, /electric_bass/7gP4eJzp8Ro.wav
/violin/41b8GUEx-OM.wav, /tuba/Xm5a8vCHlFw.wav
/acoustic_guitar/AAnID4RS7Vg.wav, /cello/MUalqwUFrPs.wav
/bassoon/LCfjGiTfHfI.wav, /saxophone/EIpvnh0otts.wav
/pipa/clVigOfCCNc.wav, /accordion/s1hBC8N4-Zo.wav
/congas/-H44pbRIg7s.wav, /bassoon/ADWqPAMyXto.wav
/bassoon/2XY77lk_LCQ.wav, /xylophone/PF9PrzmkR2Q.wav
/acoustic_guitar/M3dekVSwNjY.wav, /piano/kZ4v2VjPWQY.wav
/pipa/zOWt7kRh9e8.wav, /flute/cyUUlWSEujk.wav
/pipa/y-zrDsBWRnM.wav, /electric_bass/W8buacmF8g0.wav
/ukulele/aV-74W7SdJ4.wav, /congas/4B-mDmpRA4I.wav
/congas/1fbHYpRstQs.wav, /electric_bass/jf0ondpk0jE.wav
/trumpet/zhaLSfnahL0.wav, /acoustic_guitar/8YELO9yxs_c.wav
/electric_bass/qLfSgZThsDM.wav, /acoustic_guitar/XTKxjzg1xwM.wav
/tuba/VA1EolcDwZI.wav, /bassoon/XFcB4jGhOBE.wav
/clarinet/WnUAJsk97k4.wav, /cello/IcV9yqQOqkw.wav
/pipa/6AukD08i9GM.wav, /xylophone/GF-3c8hBi9I.wav
/banjo/-XMgVGqJm8U.wav, /pipa/KGpMybCq8lg.wav
/piano/wuVq8ksXZ8c.wav, /trumpet/zhaLSfnahL0.wav
/congas/4B-mDmpRA4I.wav, /ukulele/9wCGsvu_3Aw.wav
/banjo/5675YbIvcz0.wav, /bassoon/bLvdb6haNVk.wav
/acoustic_guitar/Czn6lg--pRw.wav, /drum/NxcaesZGezI.wav
/piano/GhwLgGnTMG8.wav, /xylophone/PF9PrzmkR2Q.wav
/flute/tAuYNf2hqHU.wav, /bassoon/ADWqPAMyXto.wav
/violin/-_jlqeSs6ZU.wav, /tuba/Xm5a8vCHlFw.wav
/accordion/QaOUijKCqZU.wav, /acoustic_guitar/Czn6lg--pRw.wav
/cello/WVeheJFHQS4.wav, /bagpipe/hs8tK5bp5D8.wav
/acoustic_guitar/PY3pK0Guf2Y.wav, /trumpet/ZRpsKMe5dSg.wav
/pipa/9CvJ2b4R4ts.wav, /trumpet/zhaLSfnahL0.wav
/tuba/1rcU3mH1VVA.wav, /bagpipe/M7FQHjE1AGY.wav
/flute/cyUUlWSEujk.wav, /drum/7uQ-FX2YPYY.wav
/cello/Mh2tJbJiWQQ.wav, /pipa/HXHJ1hPyHd8.wav
/electric_bass/dAhEqfqAv38.wav, /acoustic_guitar/CeOAuSm1NUo.wav
/piano/itv0qI0s0Cc.wav, /guzheng/iV7keFNGaYg.wav
/drum/5DYC92362Qg.wav, /clarinet/GKwO7cy2JIA.wav
/electric_bass/jf0ondpk0jE.wav, /violin/MfzC4e3nD4I.wav
/pipa/qljUWQ1rY3Q.wav, /ukulele/_GX2U3acD10.wav
/cello/1Ju4S0qeDqw.wav, /acoustic_guitar/CeOAuSm1NUo.wav
/bagpipe/wfGx5L88O4Q.wav, /congas/-H44pbRIg7s.wav
/xylophone/Lp9rAMPaqLQ.wav, /acoustic_guitar/ZeQPNWdFs_4.wav
/violin/9dOqmTMqp1k.wav, /cello/-Gdh8N_KpLY.wav
/violin/XlvlHfWjKx4.wav, /pipa/GL-1Ke5Keok.wav
/clarinet/GQGBzVaDTmM.wav, /electric_bass/jf0ondpk0jE.wav
/pipa/xeaucgrqsTY.wav, /tuba/Xm5a8vCHlFw.wav
/electric_bass/QWttV5rZMrg.wav, /clarinet/0IRJ75zgcAY.wav
/trumpet/ufsSRKgUb6g.wav, /electric_bass/YPYX83m1n_g.wav
/guzheng/F_AqoGpCWHg.wav, /electric_bass/APf1PdRXnOU.wav
/congas/7VEwnKM85xs.wav, /flute/tAuYNf2hqHU.wav
/banjo/LeH5Urwtlug.wav, /drum/dfLQaboaa84.wav
/congas/3C4RYkpivCU.wav, /acoustic_guitar/2eXkRj4DjaM.wav
/acoustic_guitar/CeOAuSm1NUo.wav, /cello/IcV9yqQOqkw.wav
/bassoon/bLvdb6haNVk.wav, /acoustic_guitar/8LU-kq19V3Y.wav
/acoustic_guitar/Y-dpHbPGQWE.wav, /accordion/ADxyFxpe1ls.wav
/ukulele/_vK5_XW9GSY.wav, /congas/5QQb0kt_kAA.wav
/cello/-Gdh8N_KpLY.wav, /guzheng/iV7keFNGaYg.wav
/guzheng/iV7keFNGaYg.wav, /ukulele/_49-JJzSxTw.wav
/tuba/UNFwNbFdiTI.wav, /clarinet/WnUAJsk97k4.wav
/acoustic_guitar/416UlJvv3aA.wav, /pipa/-eNT-Gvikbs.wav
/electric_bass/YPYX83m1n_g.wav, /trumpet/ZRpsKMe5dSg.wav
/accordion/RRjph7N4hvk.wav, /saxophone/P5pxcBdxa4E.wav
/bassoon/35mRHs8Zers.wav, /violin/41b8GUEx-OM.wav
/accordion/Z_yNLFYjpsY.wav, /drum/OVv7XW_4lN8.wav
/congas/KsvxsTNvqno.wav, /xylophone/GF-3c8hBi9I.wav
/acoustic_guitar/2eXkRj4DjaM.wav, /xylophone/KPTyodoU2ng.wav
/drum/OVv7XW_4lN8.wav, /pipa/KGpMybCq8lg.wav
/pipa/HXHJ1hPyHd8.wav, /violin/ySFS1KgXerA.wav
/piano/2_valn6NOrQ.wav, /ukulele/bGfyLBoZPM4.wav
/saxophone/iEOdwzdXmfE.wav, /acoustic_guitar/8YELO9yxs_c.wav
/bagpipe/C74cF3O6ZFo.wav, /erhu/TWrh_c9YRp8.wav
/bassoon/CO6CPC-NZhE.wav, /congas/5QQb0kt_kAA.wav
/tuba/Xm5a8vCHlFw.wav, /guzheng/_3pLesuLT4w.wav
/bagpipe/PeT8aBVvtFI.wav, /pipa/Uh_PzT65l2E.wav
/pipa/GL-1Ke5Keok.wav, /guzheng/4bAhK1C6BWw.wav
/piano/co1QtO9H8zQ.wav, /xylophone/NdzCe7COROw.wav
/clarinet/IZx6ZXWuOGY.wav, /congas/341do4TeJT0.wav
/guzheng/nCEKU3Rpvok.wav, /banjo/-XMgVGqJm8U.wav
/guzheng/4bAhK1C6BWw.wav, /tuba/Xm5a8vCHlFw.wav
/saxophone/OxA5Z_5-w0E.wav, /electric_bass/3yRMbH36HRE.wav
/electric_bass/W8buacmF8g0.wav, /flute/hYepU4PQFAo.wav
/saxophone/EIpvnh0otts.wav, /acoustic_guitar/72yB-xyIcGI.wav
/electric_bass/7gP4eJzp8Ro.wav, /banjo/LeH5Urwtlug.wav
/acoustic_guitar/8YELO9yxs_c.wav, /pipa/6AukD08i9GM.wav
/drum/XlxYlk8IShg.wav, /guzheng/stnmYDeNpZM.wav
/bagpipe/-ktVpJDWu_k.wav, /trumpet/zhaLSfnahL0.wav
/acoustic_guitar/8LU-kq19V3Y.wav, /bagpipe/tWH7qKYl5uQ.wav
/cello/VlIcqDWmPkw.wav, /erhu/TWrh_c9YRp8.wav
/saxophone/P5pxcBdxa4E.wav, /electric_bass/qLfSgZThsDM.wav
/pipa/Uh_PzT65l2E.wav, /clarinet/GKwO7cy2JIA.wav
/drum/WVyd3N6u5YE.wav, /clarinet/P5nnnybNQ_o.wav
/tuba/ASUUqMvTdjg.wav, /congas/7VEwnKM85xs.wav
/violin/ZgGEuzLZw2E.wav, /acoustic_guitar/09C8NuLfsxc.wav
/drum/4wZP4fl-JGQ.wav, /tuba/LUZf782HzNo.wav
/electric_bass/0lSLVJRTeEI.wav, /flute/sybsjsj1zPo.wav
/saxophone/QOYMhOXfGMw.wav, /erhu/3n-vlswrQYM.wav
/clarinet/5ESDEU04WSQ.wav, /violin/-_jlqeSs6ZU.wav
/clarinet/P5nnnybNQ_o.wav, /pipa/9CvJ2b4R4ts.wav
/congas/2C8PwkOElRg.wav, /piano/2_valn6NOrQ.wav
/accordion/ADxyFxpe1ls.wav, /violin/-_jlqeSs6ZU.wav
/trumpet/EwG7o3SS-r0.wav, /bagpipe/8VfMykySryc.wav
/violin/QqKlMPzQj7k.wav, /flute/7Zudy1bw7bw.wav
/ukulele/bGfyLBoZPM4.wav, /acoustic_guitar/2eXkRj4DjaM.wav
/xylophone/fhzqzm0dYuE.wav, /piano/wuVq8ksXZ8c.wav
/bagpipe/Q8efUjCGqvo.wav, /banjo/5675YbIvcz0.wav
/saxophone/e5YNEk9Ye-o.wav, /electric_bass/dAhEqfqAv38.wav
/bassoon/_YvHViIph10.wav, /erhu/TWrh_c9YRp8.wav
/accordion/Dcp8AuzTG-w.wav, /tuba/1rcU3mH1VVA.wav
/cello/MvkJvZSOmjY.wav, /guzheng/mStEBZoQYp8.wav
/bagpipe/TM-dWqH4qFI.wav, /electric_bass/7gP4eJzp8Ro.wav
/violin/MfzC4e3nD4I.wav, /drum/7uQ-FX2YPYY.wav
/pipa/-eNT-Gvikbs.wav, /electric_bass/3yRMbH36HRE.wav
/ukulele/_GX2U3acD10.wav, /pipa/zOWt7kRh9e8.wav
/bagpipe/tWH7qKYl5uQ.wav, /clarinet/IZx6ZXWuOGY.wav
/erhu/3n-vlswrQYM.wav, /congas/5QQb0kt_kAA.wav
/bagpipe/Ee9n3mxehr4.wav, /pipa/Uh_PzT65l2E.wav
/flute/WNeHlya4VnQ.wav, /erhu/BBIENSA_GkE.wav
/accordion/ZoE25YHTGDQ.wav, /violin/9dOqmTMqp1k.wav
/congas/341do4TeJT0.wav, /violin/41b8GUEx-OM.wav
/xylophone/NdzCe7COROw.wav, /ukulele/_E3NGUxRSo0.wav
/bagpipe/hs8tK5bp5D8.wav, /banjo/5675YbIvcz0.wav
/accordion/PMDSfAZ4-eo.wav, /saxophone/QOYMhOXfGMw.wav
/electric_bass/APf1PdRXnOU.wav, /xylophone/Jd5heRezP5s.wav
/accordion/6hQHOZNwfRs.wav, /guzheng/4bAhK1C6BWw.wav
/erhu/PFX2WTY9gWI.wav, /accordion/RRjph7N4hvk.wav
/drum/7uQ-FX2YPYY.wav, /cello/MvkJvZSOmjY.wav
/ukulele/_49-JJzSxTw.wav, /piano/kZ4v2VjPWQY.wav
/bassoon/LzTaV_X7srE.wav, /clarinet/IZx6ZXWuOGY.wav
/clarinet/PNnZ8wScXjw.wav, /flute/7Zudy1bw7bw.wav
/electric_bass/XbEz1mvQyvY.wav, /pipa/HXHJ1hPyHd8.wav
/guzheng/kao4iqPuQBI.wav, /accordion/Dcp8AuzTG-w.wav
/erhu/I5IYfx7ontI.wav, /saxophone/e5YNEk9Ye-o.wav
/bassoon/2toke35E958.wav, /drum/WVyd3N6u5YE.wav
/flute/3-zT9mN8Lio.wav, /bassoon/LzTaV_X7srE.wav
/acoustic_guitar/09C8NuLfsxc.wav, /violin/ySFS1KgXerA.wav
/flute/sybsjsj1zPo.wav, /bassoon/DIt3yL8CN_s.wav
/electric_bass/Giy_Btup7DQ.wav, /piano/co1QtO9H8zQ.wav
/erhu/TWrh_c9YRp8.wav, /bassoon/_YvHViIph10.wav
/acoustic_guitar/HGlIImajcRI.wav, /guzheng/mStEBZoQYp8.wav
/electric_bass/3yRMbH36HRE.wav, /pipa/9CvJ2b4R4ts.wav
/acoustic_guitar/ZeQPNWdFs_4.wav, /violin/QqKlMPzQj7k.wav
/banjo/aFRh4pn6yzY.wav, /acoustic_guitar/ZeQPNWdFs_4.wav
/bagpipe/M7FQHjE1AGY.wav, /violin/TOLoplXKr7U.wav
/guzheng/_3pLesuLT4w.wav, /xylophone/KPTyodoU2ng.wav
/guzheng/mStEBZoQYp8.wav, /flute/tAuYNf2hqHU.wav
/clarinet/GKwO7cy2JIA.wav, /accordion/ADxyFxpe1ls.wav
/trumpet/nKc4srJBgYU.wav, /acoustic_guitar/HGlIImajcRI.wav
/accordion/4jGq3kfsJpg.wav, /violin/XlvlHfWjKx4.wav
/bassoon/DIt3yL8CN_s.wav, /clarinet/GQGBzVaDTmM.wav
/saxophone/FR_1gEaBeeE.wav, /guzheng/nCEKU3Rpvok.wav
/acoustic_guitar/72yB-xyIcGI.wav, /bagpipe/wfGx5L88O4Q.wav
/flute/SAN5JBTnlas.wav, /ukulele/3d3uNrjqXB4.wav
/violin/TOLoplXKr7U.wav, /electric_bass/dAhEqfqAv38.wav
/ukulele/3d3uNrjqXB4.wav, /electric_bass/jf0ondpk0jE.wav
/accordion/XZ1rUpbdu-Y.wav, /congas/HhWAn3EXqrA.wav
/drum/dfLQaboaa84.wav, /accordion/4jGq3kfsJpg.wav
/xylophone/Jd5heRezP5s.wav, /cello/MUalqwUFrPs.wav
/cello/U2s_4d0ZLT8.wav, /flute/7Zudy1bw7bw.wav
/xylophone/EHKq3-zwphs.wav, /pipa/zOWt7kRh9e8.wav
/drum/NxcaesZGezI.wav, /flute/cyUUlWSEujk.wav
/bassoon/VcvG3_CEScw.wav, /electric_bass/7gP4eJzp8Ro.wav
/piano/Amk7Ssb5EHo.wav, /pipa/-eNT-Gvikbs.wav
/bagpipe/8VfMykySryc.wav, /erhu/3n-vlswrQYM.wav
/bassoon/WaiDZX7FH-8.wav, /drum/dfLQaboaa84.wav
/trumpet/ZRpsKMe5dSg.wav, /electric_bass/7gP4eJzp8Ro.wav
/cello/IcV9yqQOqkw.wav, /bagpipe/-ktVpJDWu_k.wav
/xylophone/GF-3c8hBi9I.wav, /bassoon/ADWqPAMyXto.wav
/bassoon/ADWqPAMyXto.wav, /pipa/7171YEDwyGc.wav
/tuba/LUZf782HzNo.wav, /cello/U2s_4d0ZLT8.wav
/ukulele/_E3NGUxRSo0.wav, /cello/MvkJvZSOmjY.wav
/pipa/7171YEDwyGc.wav, /erhu/BBIENSA_GkE.wav
/ukulele/9wCGsvu_3Aw.wav, /erhu/I5IYfx7ontI.wav
/acoustic_guitar/XTKxjzg1xwM.wav, /violin/XlvlHfWjKx4.wav
/piano/2P83WJXifEs.wav, /accordion/Dcp8AuzTG-w.wav
/cello/MUalqwUFrPs.wav, /saxophone/iEOdwzdXmfE.wav
/guzheng/stnmYDeNpZM.wav, /bagpipe/M7FQHjE1AGY.wav
/piano/kZ4v2VjPWQY.wav, /saxophone/EIpvnh0otts.wav
/flute/hYepU4PQFAo.wav, /saxophone/P5pxcBdxa4E.wav
/flute/7Zudy1bw7bw.wav, /bassoon/LCfjGiTfHfI.wav
/congas/5QQb0kt_kAA.wav, /drum/NxcaesZGezI.wav
/xylophone/PF9PrzmkR2Q.wav, /acoustic_guitar/09C8NuLfsxc.wav
/drum/F4IPsMGMPgM.wav, /bagpipe/tWH7qKYl5uQ.wav
/violin/ySFS1KgXerA.wav, /xylophone/Jd5heRezP5s.wav
/erhu/BBIENSA_GkE.wav, /bassoon/WaiDZX7FH-8.wav
/bassoon/FYqqkgkeYrI.wav, /piano/Amk7Ssb5EHo.wav
/drum/Vk9YR-NLkmQ.wav, /pipa/clVigOfCCNc.wav
/drum/aXeErkTlDEg.wav, /guzheng/kao4iqPuQBI.wav
/xylophone/KPTyodoU2ng.wav, /bassoon/bLvdb6haNVk.wav
/clarinet/0IRJ75zgcAY.wav, /flute/hYepU4PQFAo.wav
/acoustic_guitar/9SZLDvRaHEA.wav, /xylophone/Lp9rAMPaqLQ.wav
/bassoon/XFcB4jGhOBE.wav, /congas/2C8PwkOElRg.wav
/bagpipe/vd1dgdxlA94.wav, /congas/KsvxsTNvqno.wav
/piano/ZrLi-YLGVnk.wav, /pipa/KGpMybCq8lg.wav
/congas/HhWAn3EXqrA.wav, /bagpipe/TM-dWqH4qFI.wav
/pipa/KGpMybCq8lg.wav, /electric_bass/dAhEqfqAv38.wav
/accordion/s1hBC8N4-Zo.wav, /acoustic_guitar/09C8NuLfsxc.wav
/erhu/V9rjOI5YEDE.wav, /tuba/1rcU3mH1VVA.wav
/guzheng/8zJgbPSLDLw.wav, /drum/OVv7XW_4lN8.wav
/banjo/D-2OOEcv_ZI.wav, /trumpet/nKc4srJBgYU.wav
/violin/41b8GUEx-OM.wav, /piano/2P83WJXifEs.wav
/acoustic_guitar/AAnID4RS7Vg.wav, /bassoon/2toke35E958.wav
/bassoon/LCfjGiTfHfI.wav, /electric_bass/jf0ondpk0jE.wav
/pipa/clVigOfCCNc.wav, /electric_bass/W8buacmF8g0.wav
/congas/-H44pbRIg7s.wav, /guzheng/_3pLesuLT4w.wav
/bassoon/2XY77lk_LCQ.wav, /flute/cyUUlWSEujk.wav
/acoustic_guitar/M3dekVSwNjY.wav, /bassoon/LCfjGiTfHfI.wav
/pipa/zOWt7kRh9e8.wav, /bassoon/2XY77lk_LCQ.wav
/pipa/y-zrDsBWRnM.wav, /bassoon/35mRHs8Zers.wav
/ukulele/aV-74W7SdJ4.wav, /pipa/y-zrDsBWRnM.wav
/congas/1fbHYpRstQs.wav, /pipa/KGpMybCq8lg.wav
/trumpet/zhaLSfnahL0.wav, /acoustic_guitar/Czn6lg--pRw.wav
/electric_bass/qLfSgZThsDM.wav, /bassoon/DIt3yL8CN_s.wav
/tuba/VA1EolcDwZI.wav, /guzheng/F_AqoGpCWHg.wav
/clarinet/WnUAJsk97k4.wav, /bagpipe/hs8tK5bp5D8.wav
/pipa/6AukD08i9GM.wav, /ukulele/_vK5_XW9GSY.wav
/banjo/-XMgVGqJm8U.wav, /bassoon/2XY77lk_LCQ.wav
/piano/wuVq8ksXZ8c.wav, /acoustic_guitar/Czn6lg--pRw.wav
/congas/4B-mDmpRA4I.wav, /flute/SAN5JBTnlas.wav
/banjo/5675YbIvcz0.wav, /saxophone/QOYMhOXfGMw.wav
/acoustic_guitar/Czn6lg--pRw.wav, /pipa/zOWt7kRh9e8.wav
/piano/GhwLgGnTMG8.wav, /congas/7VEwnKM85xs.wav
/flute/tAuYNf2hqHU.wav, /erhu/V9rjOI5YEDE.wav
/violin/-_jlqeSs6ZU.wav, /trumpet/nKc4srJBgYU.wav
/accordion/QaOUijKCqZU.wav, /banjo/aFRh4pn6yzY.wav
/cello/WVeheJFHQS4.wav, /guzheng/stnmYDeNpZM.wav
/acoustic_guitar/PY3pK0Guf2Y.wav, /pipa/xeaucgrqsTY.wav
/pipa/9CvJ2b4R4ts.wav, /electric_bass/jf0ondpk0jE.wav
/tuba/1rcU3mH1VVA.wav, /saxophone/iEOdwzdXmfE.wav
/flute/cyUUlWSEujk.wav, /accordion/ADxyFxpe1ls.wav
/cello/Mh2tJbJiWQQ.wav, /violin/MfzC4e3nD4I.wav
/electric_bass/dAhEqfqAv38.wav, /erhu/TWrh_c9YRp8.wav
/piano/itv0qI0s0Cc.wav, /clarinet/WnUAJsk97k4.wav
/drum/5DYC92362Qg.wav, /ukulele/3d3uNrjqXB4.wav
/electric_bass/jf0ondpk0jE.wav, /erhu/PFX2WTY9gWI.wav
/pipa/qljUWQ1rY3Q.wav, /clarinet/5ESDEU04WSQ.wav
/cello/1Ju4S0qeDqw.wav, /accordion/RRjph7N4hvk.wav
/bagpipe/wfGx5L88O4Q.wav, /xylophone/NdzCe7COROw.wav
/xylophone/Lp9rAMPaqLQ.wav, /acoustic_guitar/72yB-xyIcGI.wav
/violin/9dOqmTMqp1k.wav, /saxophone/e5YNEk9Ye-o.wav
/violin/XlvlHfWjKx4.wav, /accordion/4jGq3kfsJpg.wav
/clarinet/GQGBzVaDTmM.wav, /drum/WVyd3N6u5YE.wav
/pipa/xeaucgrqsTY.wav, /bassoon/FYqqkgkeYrI.wav
/electric_bass/QWttV5rZMrg.wav, /bassoon/bLvdb6haNVk.wav
/trumpet/ufsSRKgUb6g.wav, /piano/GhwLgGnTMG8.wav
/guzheng/F_AqoGpCWHg.wav, /congas/4B-mDmpRA4I.wav
/congas/7VEwnKM85xs.wav, /accordion/ZoE25YHTGDQ.wav
/banjo/LeH5Urwtlug.wav, /tuba/Xm5a8vCHlFw.wav
/congas/3C4RYkpivCU.wav, /xylophone/NdzCe7COROw.wav
/acoustic_guitar/CeOAuSm1NUo.wav, /tuba/Xm5a8vCHlFw.wav
/bassoon/bLvdb6haNVk.wav, /guzheng/F_AqoGpCWHg.wav
/acoustic_guitar/Y-dpHbPGQWE.wav, /trumpet/ufsSRKgUb6g.wav
/ukulele/_vK5_XW9GSY.wav, /bagpipe/tWH7qKYl5uQ.wav
/cello/-Gdh8N_KpLY.wav, /saxophone/iEOdwzdXmfE.wav
/guzheng/iV7keFNGaYg.wav, /bassoon/CO6CPC-NZhE.wav
/tuba/UNFwNbFdiTI.wav, /xylophone/NdzCe7COROw.wav
/acoustic_guitar/416UlJvv3aA.wav, /piano/co1QtO9H8zQ.wav
/accordion/RRjph7N4hvk.wav, /guzheng/nCEKU3Rpvok.wav
/bassoon/35mRHs8Zers.wav, /electric_bass/YPYX83m1n_g.wav
/accordion/Z_yNLFYjpsY.wav, /acoustic_guitar/72yB-xyIcGI.wav
/congas/KsvxsTNvqno.wav, /electric_bass/dAhEqfqAv38.wav
/acoustic_guitar/2eXkRj4DjaM.wav, /drum/Vk9YR-NLkmQ.wav
/drum/OVv7XW_4lN8.wav, /guzheng/mStEBZoQYp8.wav
/pipa/HXHJ1hPyHd8.wav, /banjo/LeH5Urwtlug.wav
/piano/2_valn6NOrQ.wav, /clarinet/WnUAJsk97k4.wav
/saxophone/iEOdwzdXmfE.wav, /flute/7Zudy1bw7bw.wav
/bagpipe/C74cF3O6ZFo.wav, /acoustic_guitar/9SZLDvRaHEA.wav
/bassoon/CO6CPC-NZhE.wav, /ukulele/_GX2U3acD10.wav
/tuba/Xm5a8vCHlFw.wav, /erhu/PFX2WTY9gWI.wav
/bagpipe/PeT8aBVvtFI.wav, /bassoon/LzTaV_X7srE.wav
/pipa/GL-1Ke5Keok.wav, /accordion/4jGq3kfsJpg.wav
/piano/co1QtO9H8zQ.wav, /clarinet/WnUAJsk97k4.wav
/clarinet/IZx6ZXWuOGY.wav, /bagpipe/M7FQHjE1AGY.wav
/guzheng/nCEKU3Rpvok.wav, /pipa/y-zrDsBWRnM.wav
/guzheng/4bAhK1C6BWw.wav, /pipa/7171YEDwyGc.wav
/saxophone/OxA5Z_5-w0E.wav, /bassoon/CO6CPC-NZhE.wav
/electric_bass/W8buacmF8g0.wav, /bassoon/VcvG3_CEScw.wav
/saxophone/EIpvnh0otts.wav, /bassoon/35mRHs8Zers.wav
/electric_bass/7gP4eJzp8Ro.wav, /ukulele/bGfyLBoZPM4.wav
/acoustic_guitar/8YELO9yxs_c.wav, /tuba/1rcU3mH1VVA.wav
/drum/XlxYlk8IShg.wav, /ukulele/aV-74W7SdJ4.wav
/bagpipe/-ktVpJDWu_k.wav, /banjo/-XMgVGqJm8U.wav
/acoustic_guitar/8LU-kq19V3Y.wav, /tuba/Xm5a8vCHlFw.wav
/cello/VlIcqDWmPkw.wav, /congas/-H44pbRIg7s.wav
/saxophone/P5pxcBdxa4E.wav, /clarinet/IZx6ZXWuOGY.wav
/pipa/Uh_PzT65l2E.wav, /acoustic_guitar/416UlJvv3aA.wav
/drum/WVyd3N6u5YE.wav, /pipa/GL-1Ke5Keok.wav
/tuba/ASUUqMvTdjg.wav, /bagpipe/-ktVpJDWu_k.wav
/violin/ZgGEuzLZw2E.wav, /xylophone/Jd5heRezP5s.wav
/drum/4wZP4fl-JGQ.wav, /bassoon/XFcB4jGhOBE.wav
/electric_bass/0lSLVJRTeEI.wav, /bagpipe/vd1dgdxlA94.wav
/saxophone/QOYMhOXfGMw.wav, /acoustic_guitar/8YELO9yxs_c.wav
/clarinet/5ESDEU04WSQ.wav, /bassoon/_YvHViIph10.wav
/clarinet/P5nnnybNQ_o.wav, /flute/WNeHlya4VnQ.wav
/congas/2C8PwkOElRg.wav, /drum/OVv7XW_4lN8.wav
/accordion/ADxyFxpe1ls.wav, /flute/3-zT9mN8Lio.wav
/trumpet/EwG7o3SS-r0.wav, /clarinet/WnUAJsk97k4.wav
/violin/QqKlMPzQj7k.wav, /flute/tAuYNf2hqHU.wav
/ukulele/bGfyLBoZPM4.wav, /acoustic_guitar/8LU-kq19V3Y.wav
/xylophone/fhzqzm0dYuE.wav, /electric_bass/qLfSgZThsDM.wav
/bagpipe/Q8efUjCGqvo.wav, /erhu/3n-vlswrQYM.wav
/saxophone/e5YNEk9Ye-o.wav, /bassoon/35mRHs8Zers.wav
/bassoon/_YvHViIph10.wav, /pipa/9CvJ2b4R4ts.wav
/accordion/Dcp8AuzTG-w.wav, /pipa/6AukD08i9GM.wav
/cello/MvkJvZSOmjY.wav, /pipa/xeaucgrqsTY.wav
/bagpipe/TM-dWqH4qFI.wav, /pipa/Uh_PzT65l2E.wav
/violin/MfzC4e3nD4I.wav, /pipa/-eNT-Gvikbs.wav
/pipa/-eNT-Gvikbs.wav, /xylophone/KPTyodoU2ng.wav
/ukulele/_GX2U3acD10.wav, /xylophone/Lp9rAMPaqLQ.wav
/bagpipe/tWH7qKYl5uQ.wav, /saxophone/FR_1gEaBeeE.wav
/erhu/3n-vlswrQYM.wav, /tuba/Xm5a8vCHlFw.wav
/bagpipe/Ee9n3mxehr4.wav, /flute/hYepU4PQFAo.wav
/flute/WNeHlya4VnQ.wav, /clarinet/WnUAJsk97k4.wav
/accordion/ZoE25YHTGDQ.wav, /clarinet/PNnZ8wScXjw.wav
/congas/341do4TeJT0.wav, /saxophone/QOYMhOXfGMw.wav
/xylophone/NdzCe7COROw.wav, /guzheng/nCEKU3Rpvok.wav
/bagpipe/hs8tK5bp5D8.wav, /ukulele/aV-74W7SdJ4.wav
/accordion/PMDSfAZ4-eo.wav, /bassoon/35mRHs8Zers.wav
/electric_bass/APf1PdRXnOU.wav, /violin/ZgGEuzLZw2E.wav
/accordion/6hQHOZNwfRs.wav, /flute/sybsjsj1zPo.wav
/erhu/PFX2WTY9gWI.wav, /acoustic_guitar/XTKxjzg1xwM.wav
/drum/7uQ-FX2YPYY.wav, /bassoon/FYqqkgkeYrI.wav
/ukulele/_49-JJzSxTw.wav, /bassoon/VcvG3_CEScw.wav
/bassoon/LzTaV_X7srE.wav, /congas/5QQb0kt_kAA.wav
/clarinet/PNnZ8wScXjw.wav, /drum/F4IPsMGMPgM.wav
/electric_bass/XbEz1mvQyvY.wav, /bassoon/2toke35E958.wav
/guzheng/kao4iqPuQBI.wav, /acoustic_guitar/416UlJvv3aA.wav
/erhu/I5IYfx7ontI.wav, /bassoon/2XY77lk_LCQ.wav
/bassoon/2toke35E958.wav, /electric_bass/XbEz1mvQyvY.wav
/flute/3-zT9mN8Lio.wav, /accordion/4jGq3kfsJpg.wav
/acoustic_guitar/09C8NuLfsxc.wav, /guzheng/4bAhK1C6BWw.wav
/flute/sybsjsj1zPo.wav, /tuba/LUZf782HzNo.wav
/electric_bass/Giy_Btup7DQ.wav, /drum/OVv7XW_4lN8.wav
/erhu/TWrh_c9YRp8.wav, /pipa/6AukD08i9GM.wav
/acoustic_guitar/HGlIImajcRI.wav, /accordion/ADxyFxpe1ls.wav
/electric_bass/3yRMbH36HRE.wav, /congas/5QQb0kt_kAA.wav
/acoustic_guitar/ZeQPNWdFs_4.wav, /violin/XlvlHfWjKx4.wav
/banjo/aFRh4pn6yzY.wav, /clarinet/5ESDEU04WSQ.wav
/bagpipe/M7FQHjE1AGY.wav, /electric_bass/YPYX83m1n_g.wav
/guzheng/_3pLesuLT4w.wav, /erhu/BBIENSA_GkE.wav
/guzheng/mStEBZoQYp8.wav, /acoustic_guitar/Czn6lg--pRw.wav
/clarinet/GKwO7cy2JIA.wav, /piano/GhwLgGnTMG8.wav
/trumpet/nKc4srJBgYU.wav, /congas/5QQb0kt_kAA.wav
/accordion/4jGq3kfsJpg.wav, /bassoon/XFcB4jGhOBE.wav
/bassoon/DIt3yL8CN_s.wav, /bagpipe/hs8tK5bp5D8.wav
/saxophone/FR_1gEaBeeE.wav, /violin/9dOqmTMqp1k.wav
/acoustic_guitar/72yB-xyIcGI.wav, /pipa/6AukD08i9GM.wav
/flute/SAN5JBTnlas.wav, /accordion/RRjph7N4hvk.wav
/violin/TOLoplXKr7U.wav, /bagpipe/TM-dWqH4qFI.wav
/ukulele/3d3uNrjqXB4.wav, /congas/7VEwnKM85xs.wav
/accordion/XZ1rUpbdu-Y.wav, /xylophone/GF-3c8hBi9I.wav
/drum/dfLQaboaa84.wav, /xylophone/fhzqzm0dYuE.wav
/xylophone/Jd5heRezP5s.wav, /bagpipe/TM-dWqH4qFI.wav