/pipa/W65r_CnPlKg.wav,/pipa/W65r_CnPlKg.mp4,97
/piano/s-UjwvJ0eeA.wav,/piano/s-UjwvJ0eeA.mp4,219
/accordion/Y5EwbTgIswk.wav,/accordion/Y5EwbTgIswk.mp4,204
/erhu/REiXxfSu3Fw.wav,/erhu/REiXxfSu3Fw.mp4,149
/cello/QZEkGj9m1qs.wav,/cello/QZEkGj9m1qs.mp4,98
/bagpipe/6A6wmDbAG7s.wav,/bagpipe/6A6wmDbAG7s.mp4,291
/bagpipe/FryEgnBZN8U.wav,/bagpipe/FryEgnBZN8U.mp4,292
/electric_bass/ensmwD87FjM.wav,/electric_bass/ensmwD87FjM.mp4,232
/xylophone/VcEhFKOTF7A.wav,/xylophone/VcEhFKOTF7A.mp4,59
/saxophone/fH4pDr8CqI8.wav,/saxophone/fH4pDr8CqI8.mp4,148
/clarinet/23DDVbzSig8.wav,/clarinet/23DDVbzSig8.mp4,67
/acoustic_guitar/26HLgXWF-Co.wav,/acoustic_guitar/26HLgXWF-Co.mp4,160
/piano/U6j1KyG1mTw.wav,/piano/U6j1KyG1mTw.mp4,235
/banjo/KQ_180EILow.wav,/banjo/KQ_180EILow.mp4,468
/erhu/GH8dcVpkhc0.wav,/erhu/GH8dcVpkhc0.mp4,165
/drum/b6TT-5B4dXw.wav,/drum/b6TT-5B4dXw.mp4,198
/pipa/WIg2BFr__QQ.wav,/pipa/WIg2BFr__QQ.mp4,103
/electric_bass/HTVwm7_4sbU.wav,/electric_bass/HTVwm7_4sbU.mp4,409
/bagpipe/bcSGjoMLe4A.wav,/bagpipe/bcSGjoMLe4A.mp4,251
/violin/2ZxAVUsuE4Y.wav,/violin/2ZxAVUsuE4Y.mp4,96
/xylophone/0o22Fy2Hr3s.wav,/xylophone/0o22Fy2Hr3s.mp4,229
/pipa/M1BTN8GCtSE.wav,/pipa/M1BTN8GCtSE.mp4,117
/cello/-_-TDDxoaAc.wav,/cello/-_-TDDxoaAc.mp4,218
/pipa/IHZSAJkNpps.wav,/pipa/IHZSAJkNpps.mp4,222
/pipa/JS52vNlLVZg.wav,/pipa/JS52vNlLVZg.mp4,391
/clarinet/eIqVZuyPu2U.wav,/clarinet/eIqVZuyPu2U.mp4,61
/electric_bass/5UcdHNTO1-U.wav,/electric_bass/5UcdHNTO1-U.mp4,265
/xylophone/894n_sDSEc0.wav,/xylophone/894n_sDSEc0.mp4,132
/piano/-JBx2aQPlYE.wav,/piano/-JBx2aQPlYE.mp4,806
/banjo/zacX_7sb4j4.wav,/banjo/zacX_7sb4j4.mp4,85
/trumpet/2V12S02E2Jc.wav,/trumpet/2V12S02E2Jc.mp4,81
/piano/1eqS3rYvDjI.wav,/piano/1eqS3rYvDjI.mp4,278
/ukulele/8rC8IAvOjl8.wav,/ukulele/8rC8IAvOjl8.mp4,156
/flute/f1a-JF06840.wav,/flute/f1a-JF06840.mp4,165
/electric_bass/Uu9lMixnPGU.wav,/electric_bass/Uu9lMixnPGU.mp4,297
/clarinet/cZ9-NYYmhXw.wav,/clarinet/cZ9-NYYmhXw.mp4,181
/acoustic_guitar/KOt3oARDH9I.wav,/acoustic_guitar/KOt3oARDH9I.mp4,141
/piano/OkP0XYvGBfs.wav,/piano/OkP0XYvGBfs.mp4,191
/saxophone/OufpA4FV1Tc.wav,/saxophone/OufpA4FV1Tc.mp4,135
/electric_bass/pgrp8zXJcrY.wav,/electric_bass/pgrp8zXJcrY.mp4,183
/acoustic_guitar/5UZF3bGoZpM.wav,/acoustic_guitar/5UZF3bGoZpM.mp4,212
/guzheng/9-wVKmUypdk.wav,/guzheng/9-wVKmUypdk.mp4,253
/tuba/4CTkB84ukfY.wav,/tuba/4CTkB84ukfY.mp4,42
/tuba/Aibr0BCz-Yk.wav,/tuba/Aibr0BCz-Yk.mp4,184
/bassoon/FGSdBlb55Ao.wav,/bassoon/FGSdBlb55Ao.mp4,351
/bassoon/VVq9NZPpaJc.wav,/bassoon/VVq9NZPpaJc.mp4,474
/clarinet/iLeEWSC2M2U.wav,/clarinet/iLeEWSC2M2U.mp4,59
/accordion/2WZsNZrbt6w.wav,/accordion/2WZsNZrbt6w.mp4,174
/trumpet/STKXyBGSGyE.wav,/trumpet/STKXyBGSGyE.mp4,63
/piano/4ysUVsmTYoc.wav,/piano/4ysUVsmTYoc.mp4,254
/acoustic_guitar/PA8DVnECfh0.wav,/acoustic_guitar/PA8DVnECfh0.mp4,190
/erhu/HwVslStJE6U.wav,/erhu/HwVslStJE6U.mp4,41
/acoustic_guitar/8OocjGxAtHw.wav,/acoustic_guitar/8OocjGxAtHw.mp4,327
/acoustic_guitar/MVZGmcXU2D8.wav,/acoustic_guitar/MVZGmcXU2D8.mp4,207
/piano/5EroGKuqxLw.wav,/piano/5EroGKuqxLw.mp4,169
/violin/w81p5ty4OZc.wav,/violin/w81p5ty4OZc.mp4,131
/accordion/yy2vL2RUiPI.wav,/accordion/yy2vL2RUiPI.mp4,113
/congas/4Tn7MBNTFAA.wav,/congas/4Tn7MBNTFAA.mp4,502
/guzheng/4QYLzfVmyvQ.wav,/guzheng/4QYLzfVmyvQ.mp4,169
/piano/4QWePxpUu6c.wav,/piano/4QWePxpUu6c.mp4,244
/guzheng/EXMQITpeeaM.wav,/guzheng/EXMQITpeeaM.mp4,81
/piano/TzE__VdRNKo.wav,/piano/TzE__VdRNKo.mp4,129
/banjo/v5bCWMzpeX8.wav,/banjo/v5bCWMzpeX8.mp4,255
/acoustic_guitar/DeQHA0xP2zk.wav,/acoustic_guitar/DeQHA0xP2zk.mp4,206
/congas/6gjpPVZnO64.wav,/congas/6gjpPVZnO64.mp4,75
/pipa/GTmzbN99PWo.wav,/pipa/GTmzbN99PWo.mp4,297
/xylophone/QoFHDWgxD9w.wav,/xylophone/QoFHDWgxD9w.mp4,164
/cello/YmKMEpt9OjQ.wav,/cello/YmKMEpt9OjQ.mp4,210
/ukulele/bLAMDQw7Wqg.wav,/ukulele/bLAMDQw7Wqg.mp4,242
/trumpet/6G78knF3eFk.wav,/trumpet/6G78knF3eFk.mp4,49
/flute/1fhZ3iBeK2g.wav,/flute/1fhZ3iBeK2g.mp4,119
/saxophone/NLGte2YC6Oc.wav,/saxophone/NLGte2YC6Oc.mp4,146
/congas/L6V8S8U9iLs.wav,/congas/L6V8S8U9iLs.mp4,539
/piano/iN1dXiDWpw8.wav,/piano/iN1dXiDWpw8.mp4,221
/bagpipe/JeohKdrShNI.wav,/bagpipe/JeohKdrShNI.mp4,246
/drum/b-50KrgDpjU.wav,/drum/b-50KrgDpjU.mp4,259
/guzheng/5OrjP43Yigo.wav,/guzheng/5OrjP43Yigo.mp4,163
/banjo/e2aq2A6Bhuc.wav,/banjo/e2aq2A6Bhuc.mp4,44
/banjo/JxgWTP5Nnww.wav,/banjo/JxgWTP5Nnww.mp4,93
/electric_bass/gK3ooFKujO0.wav,/electric_bass/gK3ooFKujO0.mp4,157
/electric_bass/H4K5buSMzdA.wav,/electric_bass/H4K5buSMzdA.mp4,192
/congas/ARNQJIxtj7E.wav,/congas/ARNQJIxtj7E.mp4,62
/drum/d1S-RVDZv64.wav,/drum/d1S-RVDZv64.mp4,291
/cello/D1DjJqqK5Rw.wav,/cello/D1DjJqqK5Rw.mp4,240
/cello/SyToSKUxgKs.wav,/cello/SyToSKUxgKs.mp4,173
/bagpipe/XEj3ejyxjNU.wav,/bagpipe/XEj3ejyxjNU.mp4,354
/acoustic_guitar/4AI18Hhy5No.wav,/acoustic_guitar/4AI18Hhy5No.mp4,311
/violin/9kwbEUqCNbU.wav,/violin/9kwbEUqCNbU.mp4,127
/erhu/-5MipMQ25cU.wav,/erhu/-5MipMQ25cU.mp4,124
/xylophone/XmjMGVv3TLk.wav,/xylophone/XmjMGVv3TLk.mp4,111
/accordion/t_3Zm1PbydA.wav,/accordion/t_3Zm1PbydA.mp4,236
/erhu/8rb-thew50c.wav,/erhu/8rb-thew50c.mp4,81
/guzheng/Lje_xoSVBdQ.wav,/guzheng/Lje_xoSVBdQ.mp4,179
/bassoon/DF3RPgRYw7s.wav,/bassoon/DF3RPgRYw7s.mp4,432
/guzheng/SttBt3AqBgE.wav,/guzheng/SttBt3AqBgE.mp4,217
/guzheng/PoJuodmk9Ms.wav,/guzheng/PoJuodmk9Ms.mp4,229
/piano/Ljf3tZGxaJM.wav,/piano/Ljf3tZGxaJM.mp4,154
/bagpipe/kw-OQpF9N4E.wav,/bagpipe/kw-OQpF9N4E.mp4,125
/trumpet/eBoCeQtoFtM.wav,/trumpet/eBoCeQtoFtM.mp4,73
/accordion/MnoQccPJbyM.wav,/accordion/MnoQccPJbyM.mp4,238
/xylophone/2kBkI6f1X_s.wav,/xylophone/2kBkI6f1X_s.mp4,99
/bassoon/I1K7TJcgOsE.wav,/bassoon/I1K7TJcgOsE.mp4,117
/xylophone/qLLwSb9YX5g.wav,/xylophone/qLLwSb9YX5g.mp4,34
/tuba/W9VsprvJQAM.wav,/tuba/W9VsprvJQAM.mp4,105
/congas/ByaSZ2dD0yY.wav,/congas/ByaSZ2dD0yY.mp4,525
/bassoon/Hb_UTQsnFqA.wav,/bassoon/Hb_UTQsnFqA.mp4,190
/pipa/fFkthPInr8k.wav,/pipa/fFkthPInr8k.mp4,219
/electric_bass/Yz6izw5dhn8.wav,/electric_bass/Yz6izw5dhn8.mp4,343
/ukulele/48E4sS8K-bM.wav,/ukulele/48E4sS8K-bM.mp4,221
/accordion/vhVtX8F0-BY.wav,/accordion/vhVtX8F0-BY.mp4,123
/guzheng/-zIIUIlfKlY.wav,/guzheng/-zIIUIlfKlY.mp4,222
/tuba/WSRAO6abxog.wav,/tuba/WSRAO6abxog.mp4,87
/electric_bass/fxG1YUtix_o.wav,/electric_bass/fxG1YUtix_o.mp4,255
/piano/Xafuav13p2E.wav,/piano/Xafuav13p2E.mp4,144
/piano/1odwJu3RtlI.wav,/piano/1odwJu3RtlI.mp4,278
/cello/VYkZb7F4zKo.wav,/cello/VYkZb7F4zKo.mp4,171
/accordion/MKSTzG114d0.wav,/accordion/MKSTzG114d0.mp4,68
/guzheng/PvyM0u22V3k.wav,/guzheng/PvyM0u22V3k.mp4,238
/electric_bass/z73RZix8Q_o.wav,/electric_bass/z73RZix8Q_o.mp4,268
/tuba/5Ru90VkovhM.wav,/tuba/5Ru90VkovhM.mp4,128
/xylophone/fhf2cx9t4vY.wav,/xylophone/fhf2cx9t4vY.mp4,23
/drum/3dbHMyBWR7M.wav,/drum/3dbHMyBWR7M.mp4,247
/cello/5Eg6GNhszNE.wav,/cello/5Eg6GNhszNE.mp4,120
/electric_bass/pHUAsuSJeoA.wav,/electric_bass/pHUAsuSJeoA.mp4,203
/bassoon/7zfk-5Wq5Aw.wav,/bassoon/7zfk-5Wq5Aw.mp4,102
/pipa/qZZ1t3ubduo.wav,/pipa/qZZ1t3ubduo.mp4,40
/erhu/MJgy2-QJxmE.wav,/erhu/MJgy2-QJxmE.mp4,46
/trumpet/aavW-tx8daw.wav,/trumpet/aavW-tx8daw.mp4,90
/flute/XlPvAkLT3Yw.wav,/flute/XlPvAkLT3Yw.mp4,206
/ukulele/cIR1PDcHaew.wav,/ukulele/cIR1PDcHaew.mp4,185
/flute/YR6kjiPyNHU.wav,/flute/YR6kjiPyNHU.mp4,159
/ukulele/2ZTKgdvVo7k.wav,/ukulele/2ZTKgdvVo7k.mp4,184
/acoustic_guitar/9f7XNFTs0oc.wav,/acoustic_guitar/9f7XNFTs0oc.mp4,291
/electric_bass/xjhZhI2Zthg.wav,/electric_bass/xjhZhI2Zthg.mp4,195
/erhu/Lv2vc_8CZLc.wav,/erhu/Lv2vc_8CZLc.mp4,163
/accordion/fful4o8CIW8.wav,/accordion/fful4o8CIW8.mp4,94
/violin/WjwOm5pJlI0.wav,/violin/WjwOm5pJlI0.mp4,103
/piano/Vs1NPirh2jI.wav,/piano/Vs1NPirh2jI.mp4,226
/clarinet/X3GbAKww1KI.wav,/clarinet/X3GbAKww1KI.mp4,69
/accordion/yn1NaZWN_qQ.wav,/accordion/yn1NaZWN_qQ.mp4,83
/acoustic_guitar/4TFz7QX5aNg.wav,/acoustic_guitar/4TFz7QX5aNg.mp4,267
/ukulele/6D0ciGPtcqo.wav,/ukulele/6D0ciGPtcqo.mp4,138
/banjo/XlS6Ao_V8nE.wav,/banjo/XlS6Ao_V8nE.mp4,159
/acoustic_guitar/FoOVn7MACAE.wav,/acoustic_guitar/FoOVn7MACAE.mp4,225
/tuba/S9ES30JJTZc.wav,/tuba/S9ES30JJTZc.mp4,63
/banjo/mUUpqPK_w-o.wav,/banjo/mUUpqPK_w-o.mp4,446
/congas/4h550TCCd9w.wav,/congas/4h550TCCd9w.mp4,194
/clarinet/U6iN9QcIp7I.wav,/clarinet/U6iN9QcIp7I.mp4,84
/accordion/1LnKd5cuqIc.wav,/accordion/1LnKd5cuqIc.mp4,157
/accordion/YhwsPeOGnGg.wav,/accordion/YhwsPeOGnGg.mp4,118
/erhu/XvnFhocZ6qM.wav,/erhu/XvnFhocZ6qM.mp4,214
/ukulele/bKKVoO7YIU0.wav,/ukulele/bKKVoO7YIU0.mp4,34
/guzheng/lEDKJFgpakg.wav,/guzheng/lEDKJFgpakg.mp4,109
/accordion/CgCMBFcifVE.wav,/accordion/CgCMBFcifVE.mp4,185
/bassoon/11KsiMpJg2I.wav,/bassoon/11KsiMpJg2I.mp4,205
/erhu/GgZOTwwD39Y.wav,/erhu/GgZOTwwD39Y.mp4,233
/violin/VuDxLNdxl6I.wav,/violin/VuDxLNdxl6I.mp4,230
/erhu/-7l7M6vMm1k.wav,/erhu/-7l7M6vMm1k.mp4,92
/electric_bass/QUAQqGpml4M.wav,/electric_bass/QUAQqGpml4M.mp4,187
/accordion/kCMA0wi7i6Y.wav,/accordion/kCMA0wi7i6Y.mp4,134
/piano/XXmpQ0KkZ_E.wav,/piano/XXmpQ0KkZ_E.mp4,230
/congas/6YBD40q1ads.wav,/congas/6YBD40q1ads.mp4,147
/piano/VIXuQuHWWAE.wav,/piano/VIXuQuHWWAE.mp4,152
/guzheng/PobONF_Mj4g.wav,/guzheng/PobONF_Mj4g.mp4,68
/acoustic_guitar/2lJh-6TYdX8.wav,/acoustic_guitar/2lJh-6TYdX8.mp4,97
/trumpet/S3G9BjzPKXo.wav,/trumpet/S3G9BjzPKXo.mp4,44
/trumpet/8jxZMGYbQIw.wav,/trumpet/8jxZMGYbQIw.mp4,79
/erhu/EtrYq3j7src.wav,/erhu/EtrYq3j7src.mp4,115
/guzheng/1fsMnm7bYLg.wav,/guzheng/1fsMnm7bYLg.mp4,61
/flute/BO7_8o4QSr4.wav,/flute/BO7_8o4QSr4.mp4,40
/pipa/EYGbVrIlL6M.wav,/pipa/EYGbVrIlL6M.mp4,145
/accordion/KC2RgtW4IZ0.wav,/accordion/KC2RgtW4IZ0.mp4,72
/piano/w-IEfjDTi9c.wav,/piano/w-IEfjDTi9c.mp4,151
/tuba/aerJoJj--HU.wav,/tuba/aerJoJj--HU.mp4,146
/congas/DLziSt24jrg.wav,/congas/DLziSt24jrg.mp4,138
/guzheng/Mhc9ckO6esk.wav,/guzheng/Mhc9ckO6esk.mp4,222
/banjo/JB8-oKS6K-8.wav,/banjo/JB8-oKS6K-8.mp4,266
/banjo/lB_RvsXu5Y0.wav,/banjo/lB_RvsXu5Y0.mp4,295
/tuba/Gufj4Jhk92I.wav,/tuba/Gufj4Jhk92I.mp4,68
/electric_bass/b6_iAVepfo8.wav,/electric_bass/b6_iAVepfo8.mp4,222
/violin/85KcVDCQLfc.wav,/violin/85KcVDCQLfc.mp4,161
/xylophone/-XAsXmbExkE.wav,/xylophone/-XAsXmbExkE.mp4,132
/xylophone/ag7eC_pVobo.wav,/xylophone/ag7eC_pVobo.mp4,198
/pipa/BxmkJkFr1nk.wav,/pipa/BxmkJkFr1nk.mp4,337
/violin/6uqTP6obYNM.wav,/violin/6uqTP6obYNM.mp4,58
/drum/GMGnSMNrvfI.wav,/drum/GMGnSMNrvfI.mp4,315
/acoustic_guitar/MhNjhYrEbrc.wav,/acoustic_guitar/MhNjhYrEbrc.mp4,188
/piano/jTnHP1szyyw.wav,/piano/jTnHP1szyyw.mp4,114
/xylophone/c-Yr5qyCefA.wav,/xylophone/c-Yr5qyCefA.mp4,154
/banjo/KenJhs2kS3Y.wav,/banjo/KenJhs2kS3Y.mp4,54
/erhu/7v9Z3IdjP8s.wav,/erhu/7v9Z3IdjP8s.mp4,175
/flute/jW_AuF6dQYY.wav,/flute/jW_AuF6dQYY.mp4,71
/ukulele/4q7L3TX3Hl0.wav,/ukulele/4q7L3TX3Hl0.mp4,106
/ukulele/4PUBRWXm9wQ.wav,/ukulele/4PUBRWXm9wQ.mp4,178
/cello/IlDWk-x6Cag.wav,/cello/IlDWk-x6Cag.mp4,69
/trumpet/7q1E1pueAU4.wav,/trumpet/7q1E1pueAU4.mp4,32
/tuba/8sgzGhxw-tM.wav,/tuba/8sgzGhxw-tM.mp4,130
/clarinet/0OrLdMPOyos.wav,/clarinet/0OrLdMPOyos.mp4,58
/cello/-oe-KptPGnY.wav,/cello/-oe-KptPGnY.mp4,93
/clarinet/RqPkcu-xidI.wav,/clarinet/RqPkcu-xidI.mp4,226
/ukulele/_vmWIk6aRXU.wav,/ukulele/_vmWIk6aRXU.mp4,120
/banjo/UMCbhbok-ec.wav,/banjo/UMCbhbok-ec.mp4,305
/piano/KKW1Gr3Xttw.wav,/piano/KKW1Gr3Xttw.mp4,210
/congas/2LouW42GMpQ.wav,/congas/2LouW42GMpQ.mp4,184
/ukulele/5nUYCnCQd6M.wav,/ukulele/5nUYCnCQd6M.mp4,159
/pipa/kzaqMF5T5q8.wav,/pipa/kzaqMF5T5q8.mp4,407
/bagpipe/RK__-JoNte0.wav,/bagpipe/RK__-JoNte0.mp4,268
/pipa/70vWxJiWrFU.wav,/pipa/70vWxJiWrFU.mp4,60
/cello/XS_dSmZ0xbw.wav,/cello/XS_dSmZ0xbw.mp4,236
/xylophone/BwDQ9VIW74Q.wav,/xylophone/BwDQ9VIW74Q.mp4,93
/drum/JBozc8J3LXc.wav,/drum/JBozc8J3LXc.mp4,287
/pipa/wHxCLLVtkKo.wav,/pipa/wHxCLLVtkKo.mp4,44
/banjo/WS-i7gOmKSo.wav,/banjo/WS-i7gOmKSo.mp4,148
/saxophone/lDCeAgGUwyc.wav,/saxophone/lDCeAgGUwyc.mp4,193
/saxophone/tGG2P7mjuqQ.wav,/saxophone/tGG2P7mjuqQ.mp4,52
/xylophone/JkhKTTB0YB8.wav,/xylophone/JkhKTTB0YB8.mp4,36
/piano/9FkzJE5-9gw.wav,/piano/9FkzJE5-9gw.mp4,221
/piano/2ZmGv8hr0ag.wav,/piano/2ZmGv8hr0ag.mp4,268
/cello/NhkPpOvrtz0.wav,/cello/NhkPpOvrtz0.mp4,148
/clarinet/DS500VD8YDg.wav,/clarinet/DS500VD8YDg.mp4,208
/congas/FJiGcSP4Dak.wav,/congas/FJiGcSP4Dak.mp4,44
/banjo/zkA4sRrrHVg.wav,/banjo/zkA4sRrrHVg.mp4,75
/acoustic_guitar/RgB3wzNVZyY.wav,/acoustic_guitar/RgB3wzNVZyY.mp4,101
/guzheng/qs68YTfKHkw.wav,/guzheng/qs68YTfKHkw.mp4,82
/pipa/rYeUVUQ9lzI.wav,/pipa/rYeUVUQ9lzI.mp4,347
/trumpet/zJIt_KdE3Jc.wav,/trumpet/zJIt_KdE3Jc.mp4,44
/acoustic_guitar/0H7Q1Env4UY.wav,/acoustic_guitar/0H7Q1Env4UY.mp4,300
/congas/E_ugm84TMvo.wav,/congas/E_ugm84TMvo.mp4,310
/acoustic_guitar/DvbeXXoraro.wav,/acoustic_guitar/DvbeXXoraro.mp4,146
/acoustic_guitar/Pzf9MQKkoNM.wav,/acoustic_guitar/Pzf9MQKkoNM.mp4,140
/bassoon/8B9WaDcotLg.wav,/bassoon/8B9WaDcotLg.mp4,58
/guzheng/HpVhQbyM2dc.wav,/guzheng/HpVhQbyM2dc.mp4,279
/acoustic_guitar/7_eFPuFPfR4.wav,/acoustic_guitar/7_eFPuFPfR4.mp4,271
/bagpipe/ErtFfLCNtz8.wav,/bagpipe/ErtFfLCNtz8.mp4,212
/acoustic_guitar/AszMf9QGxug.wav,/acoustic_guitar/AszMf9QGxug.mp4,207
/congas/IS5LJPPQC68.wav,/congas/IS5LJPPQC68.mp4,317
/drum/08FQMisUWAY.wav,/drum/08FQMisUWAY.mp4,285
/acoustic_guitar/44FPny8k4DM.wav,/acoustic_guitar/44FPny8k4DM.mp4,239
/cello/FntHqAlD1S0.wav,/cello/FntHqAlD1S0.mp4,141
/xylophone/McMd-s4XpZk.wav,/xylophone/McMd-s4XpZk.mp4,77
/piano/F-sSpzBT_Rk.wav,/piano/F-sSpzBT_Rk.mp4,215
/bagpipe/Nn4Acs3JmI0.wav,/bagpipe/Nn4Acs3JmI0.mp4,196
/guzheng/dXiiW1p_lTI.wav,/guzheng/dXiiW1p_lTI.mp4,384
/bassoon/bSJ2gRMbDjg.wav,/bassoon/bSJ2gRMbDjg.mp4,148
/tuba/GV2bbRPFhvk.wav,/tuba/GV2bbRPFhvk.mp4,43
/saxophone/e73x3LGeb_Q.wav,/saxophone/e73x3LGeb_Q.mp4,128
/acoustic_guitar/-piYS0yc_dI.wav,/acoustic_guitar/-piYS0yc_dI.mp4,361
/accordion/Oytzh19NE6w.wav,/accordion/Oytzh19NE6w.mp4,180
/xylophone/Z36VEiqi02Y.wav,/xylophone/Z36VEiqi02Y.mp4,188
/cello/TBngVoy_GrE.wav,/cello/TBngVoy_GrE.mp4,111
/banjo/pXE3Bl5-GoM.wav,/banjo/pXE3Bl5-GoM.mp4,110
/bagpipe/jPaCkyptN1s.wav,/bagpipe/jPaCkyptN1s.mp4,402
/cello/I0LedcEaPL0.wav,/cello/I0LedcEaPL0.mp4,184
/piano/1zBStVHm7d0.wav,/piano/1zBStVHm7d0.mp4,363
/banjo/B2rJa22OHkk.wav,/banjo/B2rJa22OHkk.mp4,196
/banjo/5e3dhOOmz8g.wav,/banjo/5e3dhOOmz8g.mp4,96
/violin/yXKJiqOuvkA.wav,/violin/yXKJiqOuvkA.mp4,143
/accordion/cp_0VICDDSc.wav,/accordion/cp_0VICDDSc.mp4,138
/electric_bass/pBJUB98yZTw.wav,/electric_bass/pBJUB98yZTw.mp4,226
/piano/rc2taOIxV_M.wav,/piano/rc2taOIxV_M.mp4,220
/xylophone/lVpWbUIW0gY.wav,/xylophone/lVpWbUIW0gY.mp4,97
/guzheng/8lol9fS2CHU.wav,/guzheng/8lol9fS2CHU.mp4,103
/flute/E7E1kMExVcg.wav,/flute/E7E1kMExVcg.mp4,95
/drum/5yi3rSuvNyI.wav,/drum/5yi3rSuvNyI.mp4,248
/bassoon/Te3bHjd0kdc.wav,/bassoon/Te3bHjd0kdc.mp4,136
/cello/Lq3671NhNZk.wav,/cello/Lq3671NhNZk.mp4,159
/ukulele/3wL4J4IDh7c.wav,/ukulele/3wL4J4IDh7c.mp4,334
/electric_bass/EanNPdLUh9U.wav,/electric_bass/EanNPdLUh9U.mp4,326
/pipa/18Uttg-RRIU.wav,/pipa/18Uttg-RRIU.mp4,120
/bassoon/98Menrr741Q.wav,/bassoon/98Menrr741Q.mp4,314
/pipa/5iKfNcUcPI0.wav,/pipa/5iKfNcUcPI0.mp4,72
/acoustic_guitar/9sYVHOsxdEA.wav,/acoustic_guitar/9sYVHOsxdEA.mp4,340
/pipa/WKeppEkkL-Y.wav,/pipa/WKeppEkkL-Y.mp4,469
/ukulele/6MEnSbm3xl0.wav,/ukulele/6MEnSbm3xl0.mp4,40
/violin/-5CDUnGu3jA.wav,/violin/-5CDUnGu3jA.mp4,209
/drum/QVXgHLXaoFw.wav,/drum/QVXgHLXaoFw.mp4,187
/accordion/A2p8VW61RGc.wav,/accordion/A2p8VW61RGc.mp4,92
/guzheng/nCvy2n4ET8Y.wav,/guzheng/nCvy2n4ET8Y.mp4,56
/trumpet/_AtTFfgZvEk.wav,/trumpet/_AtTFfgZvEk.mp4,77
/drum/KPV9sVau6T4.wav,/drum/KPV9sVau6T4.mp4,393
/banjo/oqHi5-Io4Uo.wav,/banjo/oqHi5-Io4Uo.mp4,46
/ukulele/BRm0ZXL7UYE.wav,/ukulele/BRm0ZXL7UYE.mp4,159
/acoustic_guitar/XdoR3Mw217M.wav,/acoustic_guitar/XdoR3Mw217M.mp4,213
/flute/BhXj3rVWGZ0.wav,/flute/BhXj3rVWGZ0.mp4,145
/bagpipe/9VaXf5R7Xs8.wav,/bagpipe/9VaXf5R7Xs8.mp4,273
/saxophone/8U4tYnLtuzk.wav,/saxophone/8U4tYnLtuzk.mp4,166
/acoustic_guitar/1OsOEt5Qpfc.wav,/acoustic_guitar/1OsOEt5Qpfc.mp4,158
/banjo/1t-zt8nAsQo.wav,/banjo/1t-zt8nAsQo.mp4,69
/acoustic_guitar/5W0OTX18wG0.wav,/acoustic_guitar/5W0OTX18wG0.mp4,311
/banjo/4ftnQdEaLO8.wav,/banjo/4ftnQdEaLO8.mp4,91
/electric_bass/XuZLtMrCOoU.wav,/electric_bass/XuZLtMrCOoU.mp4,194
/banjo/Hy-gFmxHhxs.wav,/banjo/Hy-gFmxHhxs.mp4,184
/ukulele/7BmfAEYe2cU.wav,/ukulele/7BmfAEYe2cU.mp4,222
/tuba/4AsWvRTLPWI.wav,/tuba/4AsWvRTLPWI.mp4,39
/ukulele/aHcioiqgBec.wav,/ukulele/aHcioiqgBec.mp4,262
/drum/6YkGjuk773U.wav,/drum/6YkGjuk773U.mp4,262
/congas/GMYP2T_ZTkw.wav,/congas/GMYP2T_ZTkw.mp4,136
/accordion/cFskXS823Kk.wav,/accordion/cFskXS823Kk.mp4,136
/tuba/G46O0IzYtt0.wav,/tuba/G46O0IzYtt0.mp4,66
/bassoon/UF7UE6P2wVo.wav,/bassoon/UF7UE6P2wVo.mp4,135
/banjo/Lop_iMipljc.wav,/banjo/Lop_iMipljc.mp4,111
/congas/A22AWJ6zFBs.wav,/congas/A22AWJ6zFBs.mp4,165
/bassoon/HI8t07KXWaw.wav,/bassoon/HI8t07KXWaw.mp4,74
/accordion/iB17xqmFw3A.wav,/accordion/iB17xqmFw3A.mp4,200
/trumpet/jl4iDbOsrJM.wav,/trumpet/jl4iDbOsrJM.mp4,63
/erhu/GtQixP8bAk8.wav,/erhu/GtQixP8bAk8.mp4,130
/clarinet/EXKxvMVayRk.wav,/clarinet/EXKxvMVayRk.mp4,94
/guzheng/lVQYZKrq1aY.wav,/guzheng/lVQYZKrq1aY.mp4,144
/accordion/qMFYRw0uZ_E.wav,/accordion/qMFYRw0uZ_E.mp4,223
/tuba/43N29koKyPo.wav,/tuba/43N29koKyPo.mp4,38
/ukulele/CTtHozrSfh0.wav,/ukulele/CTtHozrSfh0.mp4,155
/tuba/6pkShdDe9LU.wav,/tuba/6pkShdDe9LU.mp4,22
/acoustic_guitar/An1z4o0l68c.wav,/acoustic_guitar/An1z4o0l68c.mp4,324
/ukulele/9L3e1AuZNIM.wav,/ukulele/9L3e1AuZNIM.mp4,65
/tuba/4lVuJEIaXgo.wav,/tuba/4lVuJEIaXgo.mp4,63
/drum/0yR5s-CSw4E.wav,/drum/0yR5s-CSw4E.mp4,251
/acoustic_guitar/At63FPRHLAo.wav,/acoustic_guitar/At63FPRHLAo.mp4,221
/violin/vYr0vft28Tg.wav,/violin/vYr0vft28Tg.mp4,168
/acoustic_guitar/X4UWEifacwI.wav,/acoustic_guitar/X4UWEifacwI.mp4,225
/accordion/9okuB-rub8c.wav,/accordion/9okuB-rub8c.mp4,52
/clarinet/aZjtE82spMA.wav,/clarinet/aZjtE82spMA.mp4,54
/banjo/U7X8kVuyZTE.wav,/banjo/U7X8kVuyZTE.mp4,116
/clarinet/ZXz0cVq_RTI.wav,/clarinet/ZXz0cVq_RTI.mp4,63
/saxophone/R700Q9DEUEk.wav,/saxophone/R700Q9DEUEk.mp4,92
/guzheng/pfGRBQiaYZo.wav,/guzheng/pfGRBQiaYZo.mp4,156
/electric_bass/QoBoHAujB6I.wav,/electric_bass/QoBoHAujB6I.mp4,288
/banjo/KjkMQ12U0I0.wav,/banjo/KjkMQ12U0I0.mp4,323
/bagpipe/49EvJsKoEko.wav,/bagpipe/49EvJsKoEko.mp4,175
/acoustic_guitar/9ygrq7in_uI.wav,/acoustic_guitar/9ygrq7in_uI.mp4,208
/accordion/7C-udYVfjoY.wav,/accordion/7C-udYVfjoY.mp4,131
/drum/FnAhTPl8ees.wav,/drum/FnAhTPl8ees.mp4,182
/acoustic_guitar/-8AgRz5Jdrw.wav,/acoustic_guitar/-8AgRz5Jdrw.mp4,298
/banjo/RUUtdFmg03M.wav,/banjo/RUUtdFmg03M.mp4,289
/pipa/1K-0VC9hWIA.wav,/pipa/1K-0VC9hWIA.mp4,398
/violin/P4KxMdjna0k.wav,/violin/P4KxMdjna0k.mp4,120
/tuba/ALMOnRonTPM.wav,/tuba/ALMOnRonTPM.mp4,26
/bagpipe/SkXnQi_nNbk.wav,/bagpipe/SkXnQi_nNbk.mp4,150
/erhu/-e5DuAUwBgA.wav,/erhu/-e5DuAUwBgA.mp4,105
/congas/3TfXOozH1XQ.wav,/congas/3TfXOozH1XQ.mp4,324
/ukulele/6FhYpuJyGT4.wav,/ukulele/6FhYpuJyGT4.mp4,251
/electric_bass/mvE-NTWT77c.wav,/electric_bass/mvE-NTWT77c.mp4,196
/drum/RB2WGan5ghM.wav,/drum/RB2WGan5ghM.mp4,270
/electric_bass/6EaTems2LNs.wav,/electric_bass/6EaTems2LNs.mp4,260
/acoustic_guitar/ZvLT_J9Uv4o.wav,/acoustic_guitar/ZvLT_J9Uv4o.mp4,67
/tuba/C952gmBlkIU.wav,/tuba/C952gmBlkIU.mp4,156
/acoustic_guitar/8rcClHLysvU.wav,/acoustic_guitar/8rcClHLysvU.mp4,155
/trumpet/eCQO6k5Qrmg.wav,/trumpet/eCQO6k5Qrmg.mp4,65
/ukulele/6E1IGb3137U.wav,/ukulele/6E1IGb3137U.mp4,157
/pipa/oqwostd-nHQ.wav,/pipa/oqwostd-nHQ.mp4,65
/acoustic_guitar/HaX5E66eW24.wav,/acoustic_guitar/HaX5E66eW24.mp4,162
/violin/BMhnTdy-A0M.wav,/violin/BMhnTdy-A0M.mp4,49
/piano/HdmrBA6sBYE.wav,/piano/HdmrBA6sBYE.mp4,160
/electric_bass/wnsA_6nhIIE.wav,/electric_bass/wnsA_6nhIIE.mp4,321
/flute/LKVxvHeb8hs.wav,/flute/LKVxvHeb8hs.mp4,98
/drum/bWPte6-VThw.wav,/drum/bWPte6-VThw.mp4,293
/cello/97UEABGyyw8.wav,/cello/97UEABGyyw8.mp4,129
/bagpipe/8caeW1WShg0.wav,/bagpipe/8caeW1WShg0.mp4,190
/drum/E_TBQsEEw5A.wav,/drum/E_TBQsEEw5A.mp4,381
/erhu/2D2ALfuqDpk.wav,/erhu/2D2ALfuqDpk.mp4,87
/accordion/_jPFkOkNjuo.wav,/accordion/_jPFkOkNjuo.mp4,68
/cello/2R12lQszz90.wav,/cello/2R12lQszz90.mp4,149
/piano/pDS4o2C-eUQ.wav,/piano/pDS4o2C-eUQ.mp4,143
/guzheng/WgqK2DARbIQ.wav,/guzheng/WgqK2DARbIQ.mp4,347
/accordion/q4kscRK91y4.wav,/accordion/q4kscRK91y4.mp4,119
/drum/3daxf9BhdyY.wav,/drum/3daxf9BhdyY.mp4,316
/bassoon/EbqdFn9dNvM.wav,/bassoon/EbqdFn9dNvM.mp4,307
/pipa/D5q7w1JBM2w.wav,/pipa/D5q7w1JBM2w.mp4,177
/pipa/E5elpplcRY8.wav,/pipa/E5elpplcRY8.mp4,147
/tuba/P_lSgczU2Sk.wav,/tuba/P_lSgczU2Sk.mp4,46
/guzheng/-mXzp53rYGs.wav,/guzheng/-mXzp53rYGs.mp4,32
/banjo/cFdMRCeB8WQ.wav,/banjo/cFdMRCeB8WQ.mp4,267
/guzheng/_j9vqO0KN_A.wav,/guzheng/_j9vqO0KN_A.mp4,345
/piano/PxBbwHKd-M4.wav,/piano/PxBbwHKd-M4.mp4,225
/cello/3N1KAaBJkwU.wav,/cello/3N1KAaBJkwU.mp4,82
/clarinet/cEhrpbRf-DY.wav,/clarinet/cEhrpbRf-DY.mp4,78
/ukulele/CG37e-Q2NeU.wav,/ukulele/CG37e-Q2NeU.mp4,241
/banjo/AJOIqmlI65Y.wav,/banjo/AJOIqmlI65Y.mp4,251
/clarinet/IFEP8Z5Qos0.wav,/clarinet/IFEP8Z5Qos0.mp4,28
/flute/qb-ttddKLYo.wav,/flute/qb-ttddKLYo.mp4,23
/acoustic_guitar/MJmVYLWPnCI.wav,/acoustic_guitar/MJmVYLWPnCI.mp4,80
/flute/eHbxLcoLWYY.wav,/flute/eHbxLcoLWYY.mp4,89
/cello/_oUTOskOwXs.wav,/cello/_oUTOskOwXs.mp4,98
/xylophone/9fOU26yd0Pw.wav,/xylophone/9fOU26yd0Pw.mp4,98
/ukulele/aZLkNOye_wA.wav,/ukulele/aZLkNOye_wA.mp4,179
/bagpipe/T7cs_RGdb9k.wav,/bagpipe/T7cs_RGdb9k.mp4,324
/acoustic_guitar/PDohhCaNf98.wav,/acoustic_guitar/PDohhCaNf98.mp4,230
/electric_bass/HosvsEE5SqA.wav,/electric_bass/HosvsEE5SqA.mp4,137
/drum/YPiD4WdnUMQ.wav,/drum/YPiD4WdnUMQ.mp4,391
/congas/9_ybb2vE4Z8.wav,/congas/9_ybb2vE4Z8.mp4,317
/xylophone/5p7L6Ufypuk.wav,/xylophone/5p7L6Ufypuk.mp4,23
/piano/6NDCRp1mONE.wav,/piano/6NDCRp1mONE.mp4,203
/bassoon/C2si-AWsap0.wav,/bassoon/C2si-AWsap0.mp4,108
/piano/X2QQ9FPQjQs.wav,/piano/X2QQ9FPQjQs.mp4,150
/bassoon/ZSJu_zyOaWc.wav,/bassoon/ZSJu_zyOaWc.mp4,172
/trumpet/wEF6fWnx_wY.wav,/trumpet/wEF6fWnx_wY.mp4,89
/trumpet/ds0ayqYweAc.wav,/trumpet/ds0ayqYweAc.mp4,35
/drum/6Fm4fJTDr68.wav,/drum/6Fm4fJTDr68.mp4,227
/acoustic_guitar/A0vpsRipL7c.wav,/acoustic_guitar/A0vpsRipL7c.mp4,286
/acoustic_guitar/-4nIqLncdB0.wav,/acoustic_guitar/-4nIqLncdB0.mp4,279
/guzheng/whJrRfjMSqE.wav,/guzheng/whJrRfjMSqE.mp4,314
/erhu/0oKi3ARn640.wav,/erhu/0oKi3ARn640.mp4,146
/clarinet/2D5nT67CIRw.wav,/clarinet/2D5nT67CIRw.mp4,114
/xylophone/DGn7xcsxMPk.wav,/xylophone/DGn7xcsxMPk.mp4,131
/accordion/STtGADifdUw.wav,/accordion/STtGADifdUw.mp4,88
/cello/XI7Fx7rJt4I.wav,/cello/XI7Fx7rJt4I.mp4,63
/piano/kdB0igDRaLk.wav,/piano/kdB0igDRaLk.mp4,194
/erhu/6d0tmb28kV4.wav,/erhu/6d0tmb28kV4.mp4,58
/erhu/7THzf3cfEtA.wav,/erhu/7THzf3cfEtA.mp4,39
/trumpet/y-Y6QAUqSKg.wav,/trumpet/y-Y6QAUqSKg.mp4,72
/erhu/SVZNEDEIK48.wav,/erhu/SVZNEDEIK48.mp4,75
/congas/6Ubt6kjJJRg.wav,/congas/6Ubt6kjJJRg.mp4,346
/banjo/TUrhztP4TGo.wav,/banjo/TUrhztP4TGo.mp4,46
/pipa/FpFuu7cbVt0.wav,/pipa/FpFuu7cbVt0.mp4,347
/tuba/N3nwDmWvsF4.wav,/tuba/N3nwDmWvsF4.mp4,223
/bassoon/I5LCi0sWTU4.wav,/bassoon/I5LCi0sWTU4.mp4,83
/guzheng/Owzy345m12U.wav,/guzheng/Owzy345m12U.mp4,118
/xylophone/GezwOJW568A.wav,/xylophone/GezwOJW568A.mp4,32
/bassoon/5VACMCjJduY.wav,/bassoon/5VACMCjJduY.mp4,271
/violin/cMYr693e3Eo.wav,/violin/cMYr693e3Eo.mp4,60
/bagpipe/sqT7a8TBgOg.wav,/bagpipe/sqT7a8TBgOg.mp4,190
/flute/oEb2mlij38w.wav,/flute/oEb2mlij38w.mp4,44
/bagpipe/kjKR2GBuQWw.wav,/bagpipe/kjKR2GBuQWw.mp4,173
/ukulele/4lV_9hLcj7M.wav,/ukulele/4lV_9hLcj7M.mp4,144
/tuba/KrlDeCWv9ak.wav,/tuba/KrlDeCWv9ak.mp4,184
/flute/tfcNUo8qjrA.wav,/flute/tfcNUo8qjrA.mp4,130
/drum/YFxW8-V050U.wav,/drum/YFxW8-V050U.mp4,234
/acoustic_guitar/OBbmnUIJQDQ.wav,/acoustic_guitar/OBbmnUIJQDQ.mp4,103
/electric_bass/D2bFizJfvi8.wav,/electric_bass/D2bFizJfvi8.mp4,239
/congas/6PgAIsZOc5o.wav,/congas/6PgAIsZOc5o.mp4,254
/banjo/HO2irXZhr-k.wav,/banjo/HO2irXZhr-k.mp4,69
/bagpipe/Z4CRwrR_lBE.wav,/bagpipe/Z4CRwrR_lBE.mp4,256
/congas/BPMsd_gDFb0.wav,/congas/BPMsd_gDFb0.mp4,266
/bagpipe/6apsC8o3f6k.wav,/bagpipe/6apsC8o3f6k.mp4,206
/flute/Wt40rzyGSBs.wav,/flute/Wt40rzyGSBs.mp4,111
/congas/K-EqzJG2W0U.wav,/congas/K-EqzJG2W0U.mp4,328
/saxophone/x5Bzb6R73JQ.wav,/saxophone/x5Bzb6R73JQ.mp4,87
/clarinet/TREfn2OfujU.wav,/clarinet/TREfn2OfujU.mp4,55
/drum/A8TgRagoY18.wav,/drum/A8TgRagoY18.mp4,242
/pipa/_MkybbNPYFI.wav,/pipa/_MkybbNPYFI.mp4,131
/erhu/P_dHPMofcwM.wav,/erhu/P_dHPMofcwM.mp4,85
/drum/NhWImcVAnNg.wav,/drum/NhWImcVAnNg.mp4,231
/acoustic_guitar/TzbeCt4_LFc.wav,/acoustic_guitar/TzbeCt4_LFc.mp4,217
/flute/cTO_2R81fdY.wav,/flute/cTO_2R81fdY.mp4,91
/piano/4tkY07v9YWg.wav,/piano/4tkY07v9YWg.mp4,249
/accordion/Q-Jkk6mJ8AI.wav,/accordion/Q-Jkk6mJ8AI.mp4,104
/ukulele/b1ZNLsvmRNQ.wav,/ukulele/b1ZNLsvmRNQ.mp4,76
/ukulele/AQBgyM8NrHQ.wav,/ukulele/AQBgyM8NrHQ.mp4,181
/violin/HyD1g1KDoEE.wav,/violin/HyD1g1KDoEE.mp4,222
/accordion/0N26WnKiCIg.wav,/accordion/0N26WnKiCIg.mp4,136
/bagpipe/wh4H5Cfg1RQ.wav,/bagpipe/wh4H5Cfg1RQ.mp4,244
/xylophone/91MhpKVea30.wav,/xylophone/91MhpKVea30.mp4,230
/banjo/zPzDLRIk6Es.wav,/banjo/zPzDLRIk6Es.mp4,507
/trumpet/S1iKARDRvX4.wav,/trumpet/S1iKARDRvX4.mp4,23
/tuba/-X4loU7hcpw.wav,/tuba/-X4loU7hcpw.mp4,46
/violin/MeAWoVYCPL8.wav,/violin/MeAWoVYCPL8.mp4,219
/acoustic_guitar/75bCUXEv1hs.wav,/acoustic_guitar/75bCUXEv1hs.mp4,280
/violin/-UoFXtE2eqk.wav,/violin/-UoFXtE2eqk.mp4,237
/piano/-z1JPhZ-BUY.wav,/piano/-z1JPhZ-BUY.mp4,466
/drum/MwHZRjcXgRE.wav,/drum/MwHZRjcXgRE.mp4,177
/cello/-3V-vUMkHqk.wav,/cello/-3V-vUMkHqk.mp4,23
/drum/Fis5cOQ5tGQ.wav,/drum/Fis5cOQ5tGQ.mp4,176
/ukulele/1F3ay026U60.wav,/ukulele/1F3ay026U60.mp4,138
/violin/ZFuLPm6-kVw.wav,/violin/ZFuLPm6-kVw.mp4,38
/acoustic_guitar/CW3D1vKrRkg.wav,/acoustic_guitar/CW3D1vKrRkg.mp4,259
/pipa/Hw7Z9LUqCSI.wav,/pipa/Hw7Z9LUqCSI.mp4,230
/bassoon/GAZvmnoaMAs.wav,/bassoon/GAZvmnoaMAs.mp4,56
/banjo/VPKf9yRkKf4.wav,/banjo/VPKf9yRkKf4.mp4,43
/banjo/VLAFJ3PD830.wav,/banjo/VLAFJ3PD830.mp4,64
/acoustic_guitar/86hnEemgPPw.wav,/acoustic_guitar/86hnEemgPPw.mp4,214
/banjo/5IoSJhlLmqI.wav,/banjo/5IoSJhlLmqI.mp4,69
/banjo/NcjXqWPG2Nw.wav,/banjo/NcjXqWPG2Nw.mp4,48
/acoustic_guitar/6iwM-TwXvPA.wav,/acoustic_guitar/6iwM-TwXvPA.mp4,276
/guzheng/msVlr2fgcgM.wav,/guzheng/msVlr2fgcgM.mp4,206
/bassoon/Ujpp_SiEAlY.wav,/bassoon/Ujpp_SiEAlY.mp4,230
/guzheng/0px0WUwkOy8.wav,/guzheng/0px0WUwkOy8.mp4,81
/bassoon/BQH7E8ByxC8.wav,/bassoon/BQH7E8ByxC8.mp4,106
/piano/pgedyY56-bU.wav,/piano/pgedyY56-bU.mp4,201
/violin/kuNep98Fd8o.wav,/violin/kuNep98Fd8o.mp4,173
/congas/IKUVgbi1e2U.wav,/congas/IKUVgbi1e2U.mp4,161
/piano/wfAuQ0mS7n8.wav,/piano/wfAuQ0mS7n8.mp4,172
/flute/UZK_2bTuzrI.wav,/flute/UZK_2bTuzrI.mp4,39
/clarinet/b9hVMnMfLoA.wav,/clarinet/b9hVMnMfLoA.mp4,26
/xylophone/loCRmBvtHZ4.wav,/xylophone/loCRmBvtHZ4.mp4,149
/pipa/JBan9Gxa3Sc.wav,/pipa/JBan9Gxa3Sc.mp4,220
/cello/CSKOEhh5nBk.wav,/cello/CSKOEhh5nBk.mp4,179
/acoustic_guitar/9EizWhixKCg.wav,/acoustic_guitar/9EizWhixKCg.mp4,344
/acoustic_guitar/_IcBMTI8PEQ.wav,/acoustic_guitar/_IcBMTI8PEQ.mp4,184
/accordion/OIBq0bBziuw.wav,/accordion/OIBq0bBziuw.mp4,149
/tuba/InzjAr8VdvY.wav,/tuba/InzjAr8VdvY.mp4,45
/guzheng/UIG0kM1HzC8.wav,/guzheng/UIG0kM1HzC8.mp4,79
/saxophone/geK-gOMgm20.wav,/saxophone/geK-gOMgm20.mp4,42
/accordion/UYp3dKioAao.wav,/accordion/UYp3dKioAao.mp4,160
/cello/9xj3e5A8XwE.wav,/cello/9xj3e5A8XwE.mp4,192
/erhu/Us9dxgfBfeo.wav,/erhu/Us9dxgfBfeo.mp4,174
/bagpipe/h-gSV3p0m9E.wav,/bagpipe/h-gSV3p0m9E.mp4,201
/electric_bass/OgRf5gri-9k.wav,/electric_bass/OgRf5gri-9k.mp4,135
/acoustic_guitar/7SPnwtQkUb4.wav,/acoustic_guitar/7SPnwtQkUb4.mp4,230
/erhu/JEDgAVcR_yE.wav,/erhu/JEDgAVcR_yE.mp4,41
/accordion/2gyrqiqTuiM.wav,/accordion/2gyrqiqTuiM.mp4,211
/cello/CjNKUiFHUC8.wav,/cello/CjNKUiFHUC8.mp4,220
/saxophone/5_NsbkyLO2Q.wav,/saxophone/5_NsbkyLO2Q.mp4,221
/tuba/HQveyGmUBSs.wav,/tuba/HQveyGmUBSs.mp4,140
/electric_bass/wkkzzAjSxDs.wav,/electric_bass/wkkzzAjSxDs.mp4,508
/trumpet/nZ4HNz9xvSw.wav,/trumpet/nZ4HNz9xvSw.mp4,74
/violin/nyOkMXal0yA.wav,/violin/nyOkMXal0yA.mp4,175
/xylophone/No-IJw4uWMw.wav,/xylophone/No-IJw4uWMw.mp4,188
/congas/NOYN6GRhnTs.wav,/congas/NOYN6GRhnTs.mp4,317
/ukulele/5P7iGxvFI4Q.wav,/ukulele/5P7iGxvFI4Q.mp4,268
/congas/Nap3NTXTNE4.wav,/congas/Nap3NTXTNE4.mp4,170
/accordion/9tiymgwLnKE.wav,/accordion/9tiymgwLnKE.mp4,140
/xylophone/JbGvqve_JH0.wav,/xylophone/JbGvqve_JH0.mp4,134
/bassoon/Sd-tIwLzonE.wav,/bassoon/Sd-tIwLzonE.mp4,1184
/piano/2OMFkTM5Mrs.wav,/piano/2OMFkTM5Mrs.mp4,317
/ukulele/2skFRfSMYnQ.wav,/ukulele/2skFRfSMYnQ.mp4,39
/flute/D5gWhSH7jRU.wav,/flute/D5gWhSH7jRU.mp4,113
/flute/MvPqp3oZwOk.wav,/flute/MvPqp3oZwOk.mp4,69
/violin/YK94q0Fwquc.wav,/violin/YK94q0Fwquc.mp4,39
/congas/Ith2Ni8jg1Y.wav,/congas/Ith2Ni8jg1Y.mp4,304
/ukulele/CbMDgotakIc.wav,/ukulele/CbMDgotakIc.mp4,189
/trumpet/ZuJEVqon3lM.wav,/trumpet/ZuJEVqon3lM.mp4,62
/acoustic_guitar/D6RmuscqupA.wav,/acoustic_guitar/D6RmuscqupA.mp4,301
/cello/ZcKsPFZG4_0.wav,/cello/ZcKsPFZG4_0.mp4,138
/saxophone/uPkGEtn5jxE.wav,/saxophone/uPkGEtn5jxE.mp4,188
/ukulele/1q4euBbHF_8.wav,/ukulele/1q4euBbHF_8.mp4,157
/xylophone/oQJVBH6ST7o.wav,/xylophone/oQJVBH6ST7o.mp4,198
/accordion/Ct-SQmiA31s.wav,/accordion/Ct-SQmiA31s.mp4,22
/electric_bass/8ikHR0ylWRI.wav,/electric_bass/8ikHR0ylWRI.mp4,232
/accordion/7G6QVPCHv6Q.wav,/accordion/7G6QVPCHv6Q.mp4,178
/erhu/DLTK2_UyrDI.wav,/erhu/DLTK2_UyrDI.mp4,86
/guzheng/c47xY7mCm-s.wav,/guzheng/c47xY7mCm-s.mp4,255
/banjo/LIocmQeT8_Q.wav,/banjo/LIocmQeT8_Q.mp4,106
/violin/X2hHGcwLPhs.wav,/violin/X2hHGcwLPhs.mp4,93
/ukulele/141eeOiScwo.wav,/ukulele/141eeOiScwo.mp4,289
/flute/UD2SYltnnlY.wav,/flute/UD2SYltnnlY.mp4,210
/flute/kbTy_5o6AB4.wav,/flute/kbTy_5o6AB4.mp4,122
/piano/6YyYNvPORcs.wav,/piano/6YyYNvPORcs.mp4,255
/piano/2avwRKFpUbw.wav,/piano/2avwRKFpUbw.mp4,436
/bagpipe/dAOjddR-84E.wav,/bagpipe/dAOjddR-84E.mp4,387
/violin/CaeZoHNHul0.wav,/violin/CaeZoHNHul0.mp4,176
/ukulele/087sDeYPdjY.wav,/ukulele/087sDeYPdjY.mp4,323
/cello/PEyIPSlJNQM.wav,/cello/PEyIPSlJNQM.mp4,162
/xylophone/Xx0Haa8Fk2o.wav,/xylophone/Xx0Haa8Fk2o.mp4,222
/banjo/47Hl3Rb2164.wav,/banjo/47Hl3Rb2164.mp4,38
/bassoon/Gt8Sfng1YCA.wav,/bassoon/Gt8Sfng1YCA.mp4,161
/acoustic_guitar/YwDABKyGY_g.wav,/acoustic_guitar/YwDABKyGY_g.mp4,94
/electric_bass/kx6qqoGft2w.wav,/electric_bass/kx6qqoGft2w.mp4,96
/cello/EvBzKBdfZxA.wav,/cello/EvBzKBdfZxA.mp4,63
/bagpipe/frHmgK4u0Gg.wav,/bagpipe/frHmgK4u0Gg.mp4,182
/piano/EshRpURraas.wav,/piano/EshRpURraas.mp4,159
/acoustic_guitar/IPsA3sz934M.wav,/acoustic_guitar/IPsA3sz934M.mp4,193
/acoustic_guitar/3AuhKu5mlqM.wav,/acoustic_guitar/3AuhKu5mlqM.mp4,293
/bassoon/Qy2y8X-Ec8Q.wav,/bassoon/Qy2y8X-Ec8Q.mp4,42
/banjo/BxdQ2OKFP3Q.wav,/banjo/BxdQ2OKFP3Q.mp4,174
/erhu/-SzFwDekTGo.wav,/erhu/-SzFwDekTGo.mp4,171
/cello/VdFnyZWJAgo.wav,/cello/VdFnyZWJAgo.mp4,220
/cello/Mff3pp-Fj2w.wav,/cello/Mff3pp-Fj2w.mp4,102
/pipa/hf1QMr3zCv8.wav,/pipa/hf1QMr3zCv8.mp4,672
/pipa/qHOw-XwugYM.wav,/pipa/qHOw-XwugYM.mp4,233
/piano/-xCpx2ZiicU.wav,/piano/-xCpx2ZiicU.mp4,416
/drum/OuoWrVc8BkE.wav,/drum/OuoWrVc8BkE.mp4,284
/electric_bass/pfIpwtClF4M.wav,/electric_bass/pfIpwtClF4M.mp4,172
/accordion/1oz3h9doX_g.wav,/accordion/1oz3h9doX_g.mp4,140
/ukulele/7Lx87M3tD-4.wav,/ukulele/7Lx87M3tD-4.mp4,160
/bagpipe/9YNITyPKZFQ.wav,/bagpipe/9YNITyPKZFQ.mp4,181
/piano/-ibvkmiORQI.wav,/piano/-ibvkmiORQI.mp4,219
/banjo/t6B3JugXgTI.wav,/banjo/t6B3JugXgTI.mp4,75
/erhu/P6mSuuTzYxk.wav,/erhu/P6mSuuTzYxk.mp4,169
/cello/QeravklOaAg.wav,/cello/QeravklOaAg.mp4,229
/clarinet/_O1mTqCSo6E.wav,/clarinet/_O1mTqCSo6E.mp4,118
/saxophone/lm51ySOO71o.wav,/saxophone/lm51ySOO71o.mp4,81
/piano/Von-UD2RWnU.wav,/piano/Von-UD2RWnU.mp4,180
/ukulele/_Wji2ny1GU0.wav,/ukulele/_Wji2ny1GU0.mp4,83
/cello/Rr1UkDkhDlA.wav,/cello/Rr1UkDkhDlA.mp4,159
/erhu/1wrfS5PHbKE.wav,/erhu/1wrfS5PHbKE.mp4,102
/guzheng/aYCanSq5Y7E.wav,/guzheng/aYCanSq5Y7E.mp4,614
/bagpipe/lTVGdSchoPs.wav,/bagpipe/lTVGdSchoPs.mp4,215
/accordion/1mCi6eWXVbg.wav,/accordion/1mCi6eWXVbg.mp4,125
/cello/Rj5XJO5T8PY.wav,/cello/Rj5XJO5T8PY.mp4,132
/flute/GouIcBwgP_U.wav,/flute/GouIcBwgP_U.mp4,180
/flute/B0xFpw9qvD4.wav,/flute/B0xFpw9qvD4.mp4,84
/bagpipe/CQnWcgZfqRM.wav,/bagpipe/CQnWcgZfqRM.mp4,519
/bassoon/3EkqUlQ7Mw4.wav,/bassoon/3EkqUlQ7Mw4.mp4,69
/tuba/GPh_9jtWub8.wav,/tuba/GPh_9jtWub8.mp4,73
/ukulele/03457UbxgQ8.wav,/ukulele/03457UbxgQ8.mp4,100
/cello/MCftKtqmH1A.wav,/cello/MCftKtqmH1A.mp4,142
/ukulele/COfSRe0FHWg.wav,/ukulele/COfSRe0FHWg.mp4,84
/flute/unRA0xR-XWc.wav,/flute/unRA0xR-XWc.mp4,95
/guzheng/YiE-dyrpRgA.wav,/guzheng/YiE-dyrpRgA.mp4,201
/drum/9i1yD3mnqUg.wav,/drum/9i1yD3mnqUg.mp4,385
/accordion/-DlGdZNAsxA.wav,/accordion/-DlGdZNAsxA.mp4,193
/erhu/DlqCn_xrNRU.wav,/erhu/DlqCn_xrNRU.mp4,101
/accordion/oOCHF3GgKLs.wav,/accordion/oOCHF3GgKLs.mp4,180
/accordion/OnT8HuJuuIA.wav,/accordion/OnT8HuJuuIA.mp4,107
/congas/LJ_IFurpFvo.wav,/congas/LJ_IFurpFvo.mp4,115
/violin/DR03cfIsEts.wav,/violin/DR03cfIsEts.mp4,112
/violin/rg41DcQAwWI.wav,/violin/rg41DcQAwWI.mp4,132
/accordion/UKk9DJD1jOo.wav,/accordion/UKk9DJD1jOo.mp4,149
/congas/LOm0yStU_YM.wav,/congas/LOm0yStU_YM.mp4,110
/ukulele/9cko37myhM0.wav,/ukulele/9cko37myhM0.mp4,270
/trumpet/sPtLTnsCgMY.wav,/trumpet/sPtLTnsCgMY.mp4,22
/violin/KG-tXicVpsg.wav,/violin/KG-tXicVpsg.mp4,169
/acoustic_guitar/9bEbuj4Qb3I.wav,/acoustic_guitar/9bEbuj4Qb3I.mp4,88
/drum/EBWWzSobojo.wav,/drum/EBWWzSobojo.mp4,252
/drum/6fRV-ERTGlI.wav,/drum/6fRV-ERTGlI.mp4,274
/piano/8P6PFNNCrgs.wav,/piano/8P6PFNNCrgs.mp4,213
/erhu/0VyVd_QUCl8.wav,/erhu/0VyVd_QUCl8.mp4,147
/clarinet/JnAAzR4XZ-I.wav,/clarinet/JnAAzR4XZ-I.mp4,46
/electric_bass/T90-aKvgnkE.wav,/electric_bass/T90-aKvgnkE.mp4,408
/piano/2NaPqrUQ-3U.wav,/piano/2NaPqrUQ-3U.mp4,209
/tuba/JRPtROMynA8.wav,/tuba/JRPtROMynA8.mp4,65
/bassoon/MaiVqfgkER8.wav,/bassoon/MaiVqfgkER8.mp4,301
/acoustic_guitar/60tvG40iSxo.wav,/acoustic_guitar/60tvG40iSxo.mp4,292
/pipa/6syzZgAk2vI.wav,/pipa/6syzZgAk2vI.mp4,697
/drum/XuZIw5OkZwU.wav,/drum/XuZIw5OkZwU.mp4,447
/flute/cZoWhKTZTYY.wav,/flute/cZoWhKTZTYY.mp4,60
/erhu/3XAn8BHmtKg.wav,/erhu/3XAn8BHmtKg.mp4,183
/acoustic_guitar/30BRN7-KOG4.wav,/acoustic_guitar/30BRN7-KOG4.mp4,221
/tuba/DVrCy36Uigo.wav,/tuba/DVrCy36Uigo.mp4,119
/accordion/qBnsIqyXheM.wav,/accordion/qBnsIqyXheM.mp4,212
/clarinet/aTYc-hHt4us.wav,/clarinet/aTYc-hHt4us.mp4,105
/bagpipe/1nHGmlUj8GM.wav,/bagpipe/1nHGmlUj8GM.mp4,189
/clarinet/82pGU0POQSM.wav,/clarinet/82pGU0POQSM.mp4,92
/drum/Eo60m7SlbfE.wav,/drum/Eo60m7SlbfE.mp4,352
/drum/QxZO_ZxOZRU.wav,/drum/QxZO_ZxOZRU.mp4,198
/drum/LfPea4VOU7Q.wav,/drum/LfPea4VOU7Q.mp4,232
/cello/PCicM6i59_I.wav,/cello/PCicM6i59_I.mp4,167
/congas/AX9ygkC_3SY.wav,/congas/AX9ygkC_3SY.mp4,294
/erhu/HGqEtp1wpyc.wav,/erhu/HGqEtp1wpyc.mp4,138
/tuba/C3s60zFIPTs.wav,/tuba/C3s60zFIPTs.mp4,168
/xylophone/KSwJUA3zbec.wav,/xylophone/KSwJUA3zbec.mp4,32
/violin/lp4_79ooAQo.wav,/violin/lp4_79ooAQo.mp4,97
/congas/Cc75Ef4kBbk.wav,/congas/Cc75Ef4kBbk.mp4,53
/violin/VtZXRWtp5G0.wav,/violin/VtZXRWtp5G0.mp4,66
/banjo/F9JPakNkuok.wav,/banjo/F9JPakNkuok.mp4,111
/accordion/c7Jyu_OiEB0.wav,/accordion/c7Jyu_OiEB0.mp4,87
/clarinet/5HNlS9UFELE.wav,/clarinet/5HNlS9UFELE.mp4,45
/acoustic_guitar/2CcXQsF06Xo.wav,/acoustic_guitar/2CcXQsF06Xo.mp4,154
/trumpet/qsciXAjiwF0.wav,/trumpet/qsciXAjiwF0.mp4,67
/banjo/i6t-dNA9Fck.wav,/banjo/i6t-dNA9Fck.mp4,76
/guzheng/7wmiNt5a79s.wav,/guzheng/7wmiNt5a79s.mp4,200
/congas/59GKBsOJSNs.wav,/congas/59GKBsOJSNs.mp4,328
/piano/04lh6kxa5Kc.wav,/piano/04lh6kxa5Kc.mp4,258
/drum/Me36Lr7rpAM.wav,/drum/Me36Lr7rpAM.mp4,296
/pipa/JeZyrStc2ws.wav,/pipa/JeZyrStc2ws.mp4,60
/acoustic_guitar/1MiyvDB_bzM.wav,/acoustic_guitar/1MiyvDB_bzM.mp4,277
/clarinet/-PxCSCYT6rw.wav,/clarinet/-PxCSCYT6rw.mp4,31
/piano/KxuFM4z9EJ0.wav,/piano/KxuFM4z9EJ0.mp4,229
/pipa/e_fjBNBIZus.wav,/pipa/e_fjBNBIZus.mp4,142
/acoustic_guitar/9npqVThPBw0.wav,/acoustic_guitar/9npqVThPBw0.mp4,286
/clarinet/LPqBkF5NVSQ.wav,/clarinet/LPqBkF5NVSQ.mp4,136
/tuba/2tG4y_uyEAY.wav,/tuba/2tG4y_uyEAY.mp4,66
/electric_bass/nMLPDNPibO0.wav,/electric_bass/nMLPDNPibO0.mp4,235
/electric_bass/tacEJsR5akI.wav,/electric_bass/tacEJsR5akI.mp4,279
/saxophone/9XoXQXCVUQY.wav,/saxophone/9XoXQXCVUQY.mp4,65
/bagpipe/cZa21THo--4.wav,/bagpipe/cZa21THo--4.mp4,259
/bagpipe/Q5-AV79Rh5I.wav,/bagpipe/Q5-AV79Rh5I.mp4,319
/electric_bass/dVxfGxQq-vc.wav,/electric_bass/dVxfGxQq-vc.mp4,266
/xylophone/dpnBlIZGyJA.wav,/xylophone/dpnBlIZGyJA.mp4,39
/ukulele/cJYXUEOZvYM.wav,/ukulele/cJYXUEOZvYM.mp4,255
/cello/B22eZY1PESY.wav,/cello/B22eZY1PESY.mp4,207
/erhu/EJ-dXyKrSKA.wav,/erhu/EJ-dXyKrSKA.mp4,156
/flute/d5IO46KfjR4.wav,/flute/d5IO46KfjR4.mp4,100
/tuba/GSol2w0QnJE.wav,/tuba/GSol2w0QnJE.mp4,59
/bagpipe/mRIeWFw9040.wav,/bagpipe/mRIeWFw9040.mp4,278
/congas/F6bIb1ucefE.wav,/congas/F6bIb1ucefE.mp4,400
/guzheng/oWvLCWWZVYk.wav,/guzheng/oWvLCWWZVYk.mp4,132
/ukulele/aJNKsB9sJLA.wav,/ukulele/aJNKsB9sJLA.mp4,289
/guzheng/6Gji_i1TWPY.wav,/guzheng/6Gji_i1TWPY.mp4,114
/xylophone/lJfi82vd9eI.wav,/xylophone/lJfi82vd9eI.mp4,236
/acoustic_guitar/Eaq914E77oY.wav,/acoustic_guitar/Eaq914E77oY.mp4,143
/bassoon/Cy1i3u-Lz1w.wav,/bassoon/Cy1i3u-Lz1w.mp4,234
/tuba/8YNdpTm2vsc.wav,/tuba/8YNdpTm2vsc.mp4,238
/cello/_Nr58vTAIkw.wav,/cello/_Nr58vTAIkw.mp4,163
/tuba/73ikMuXwKgc.wav,/tuba/73ikMuXwKgc.mp4,37
/tuba/8EU0xM-pQOI.wav,/tuba/8EU0xM-pQOI.mp4,41
/banjo/j-B6-AoZpo8.wav,/banjo/j-B6-AoZpo8.mp4,50
/drum/2PKQczRfm1g.wav,/drum/2PKQczRfm1g.mp4,209
/electric_bass/yIdYBeCS1KU.wav,/electric_bass/yIdYBeCS1KU.mp4,104
/violin/ICKS19qRRd4.wav,/violin/ICKS19qRRd4.mp4,127
/erhu/37HdHAzJrOQ.wav,/erhu/37HdHAzJrOQ.mp4,165
/banjo/UI7k6m8Gdz4.wav,/banjo/UI7k6m8Gdz4.mp4,84
/pipa/OoV1TBZamMI.wav,/pipa/OoV1TBZamMI.mp4,34
/ukulele/0DBd-xYa4Ck.wav,/ukulele/0DBd-xYa4Ck.mp4,118
/electric_bass/_VwGcE2IOMc.wav,/electric_bass/_VwGcE2IOMc.mp4,214
/cello/2ARPm0djKIk.wav,/cello/2ARPm0djKIk.mp4,221
/trumpet/I2QXo4mGeRE.wav,/trumpet/I2QXo4mGeRE.mp4,28
/tuba/V9NILCtoTkc.wav,/tuba/V9NILCtoTkc.mp4,55
/bagpipe/dijkShln-ig.wav,/bagpipe/dijkShln-ig.mp4,335
/tuba/AAUm9njcMRk.wav,/tuba/AAUm9njcMRk.mp4,95
/ukulele/9i79TXP7V2c.wav,/ukulele/9i79TXP7V2c.mp4,242
/violin/GysCM0WBZzM.wav,/violin/GysCM0WBZzM.mp4,86
/electric_bass/cPKV0QF9Scg.wav,/electric_bass/cPKV0QF9Scg.mp4,272
/clarinet/MqB8Ux4DsIM.wav,/clarinet/MqB8Ux4DsIM.mp4,23
/cello/EtP6JBWtd7s.wav,/cello/EtP6JBWtd7s.mp4,187
/cello/DPSLdZBaQTM.wav,/cello/DPSLdZBaQTM.mp4,219
/ukulele/3XMD9TRDx2s.wav,/ukulele/3XMD9TRDx2s.mp4,168
/flute/8o5ngxZaYYw.wav,/flute/8o5ngxZaYYw.mp4,88
/violin/9g20WQ0WHn0.wav,/violin/9g20WQ0WHn0.mp4,113
/bagpipe/FYxv-VOKa40.wav,/bagpipe/FYxv-VOKa40.mp4,244
/acoustic_guitar/1i8XHo25_KU.wav,/acoustic_guitar/1i8XHo25_KU.mp4,254
/flute/SMp2-xo1lZE.wav,/flute/SMp2-xo1lZE.mp4,59
/guzheng/q_ycwl0c448.wav,/guzheng/q_ycwl0c448.mp4,62
/banjo/4DEgI36KJUU.wav,/banjo/4DEgI36KJUU.mp4,65
/pipa/5wtXVHH99PU.wav,/pipa/5wtXVHH99PU.mp4,217
/cello/FcO9w1mYEEs.wav,/cello/FcO9w1mYEEs.mp4,207
/xylophone/5lm9laLSORc.wav,/xylophone/5lm9laLSORc.mp4,183
/bassoon/9YS7ReG44zk.wav,/bassoon/9YS7ReG44zk.mp4,227
/flute/X8rR0SV_BhU.wav,/flute/X8rR0SV_BhU.mp4,153
/tuba/BabDKZLYlyE.wav,/tuba/BabDKZLYlyE.mp4,37
/saxophone/xyi0Ft3sb0U.wav,/saxophone/xyi0Ft3sb0U.mp4,62
/ukulele/b7p-tCYilKM.wav,/ukulele/b7p-tCYilKM.mp4,181
/saxophone/TSEWnnKagqQ.wav,/saxophone/TSEWnnKagqQ.mp4,127
/cello/S86qStDAz3A.wav,/cello/S86qStDAz3A.mp4,123
/acoustic_guitar/-6dwiJ-m4K4.wav,/acoustic_guitar/-6dwiJ-m4K4.mp4,314
/pipa/KS-fMmS96XU.wav,/pipa/KS-fMmS96XU.mp4,296
/acoustic_guitar/1XfdURNeY6s.wav,/acoustic_guitar/1XfdURNeY6s.mp4,208
/congas/1tPJuR1AWmI.wav,/congas/1tPJuR1AWmI.mp4,55
/guzheng/OCmsvdY_9RM.wav,/guzheng/OCmsvdY_9RM.mp4,258
/tuba/1owUN7YXSzE.wav,/tuba/1owUN7YXSzE.mp4,87
/piano/3-95PC9eX40.wav,/piano/3-95PC9eX40.mp4,276
/guzheng/CKCY0Ib-PRY.wav,/guzheng/CKCY0Ib-PRY.mp4,384
/congas/HJL0k3fQx3s.wav,/congas/HJL0k3fQx3s.mp4,156
/xylophone/L_ErwglZCJM.wav,/xylophone/L_ErwglZCJM.mp4,69
/guzheng/Cml4I28SUHc.wav,/guzheng/Cml4I28SUHc.mp4,126
/trumpet/Ba4ajAm0VDI.wav,/trumpet/Ba4ajAm0VDI.mp4,73
/pipa/zhevOlbQf8s.wav,/pipa/zhevOlbQf8s.mp4,83
/electric_bass/xtVkxXOu_Mo.wav,/electric_bass/xtVkxXOu_Mo.mp4,339
/guzheng/txpFPySWtiE.wav,/guzheng/txpFPySWtiE.mp4,163
/xylophone/6I846oP0E7Q.wav,/xylophone/6I846oP0E7Q.mp4,197
/bassoon/NL70xysQ-Ss.wav,/bassoon/NL70xysQ-Ss.mp4,311
/cello/R6M2LLmUg1k.wav,/cello/R6M2LLmUg1k.mp4,113
/electric_bass/W1I1I6J_U5Q.wav,/electric_bass/W1I1I6J_U5Q.mp4,533
/violin/H-j5lp2QjEE.wav,/violin/H-j5lp2QjEE.mp4,105
/acoustic_guitar/S2IWw6z-cfc.wav,/acoustic_guitar/S2IWw6z-cfc.mp4,206
/banjo/nZ2ucr74YNk.wav,/banjo/nZ2ucr74YNk.mp4,198
/piano/Z1_Pkm_SCsU.wav,/piano/Z1_Pkm_SCsU.mp4,217
/accordion/nQpXK7PS-oo.wav,/accordion/nQpXK7PS-oo.mp4,77
/electric_bass/Z9KLfRIrGXs.wav,/electric_bass/Z9KLfRIrGXs.mp4,156
/bassoon/-QEVcuzr5bQ.wav,/bassoon/-QEVcuzr5bQ.mp4,71
/bassoon/C8_XWkQ-97Q.wav,/bassoon/C8_XWkQ-97Q.mp4,322
/violin/-tY40Ev8IzE.wav,/violin/-tY40Ev8IzE.mp4,178
/bagpipe/fwBwJFRrD4w.wav,/bagpipe/fwBwJFRrD4w.mp4,592
/acoustic_guitar/8UirJ7SEBm8.wav,/acoustic_guitar/8UirJ7SEBm8.mp4,242
/pipa/XIcV5kBVIbw.wav,/pipa/XIcV5kBVIbw.mp4,342
/violin/rxr5tTH8_mM.wav,/violin/rxr5tTH8_mM.mp4,230
/congas/JoIl89Ybhs0.wav,/congas/JoIl89Ybhs0.mp4,174
/cello/I--nizkVQzE.wav,/cello/I--nizkVQzE.mp4,103
/trumpet/TaII-y9-5Iw.wav,/trumpet/TaII-y9-5Iw.mp4,100
/guzheng/H6fPWLu6biA.wav,/guzheng/H6fPWLu6biA.mp4,354
/guzheng/8iry5jpDxV4.wav,/guzheng/8iry5jpDxV4.mp4,145
/clarinet/iHQIK5JM3Xo.wav,/clarinet/iHQIK5JM3Xo.mp4,113
/trumpet/iqyw0xR5Wf0.wav,/trumpet/iqyw0xR5Wf0.mp4,122
/congas/C3QJz0gN9i8.wav,/congas/C3QJz0gN9i8.mp4,159
/trumpet/889Kxn_RYzo.wav,/trumpet/889Kxn_RYzo.mp4,26
/electric_bass/CFcPlv9RhEY.wav,/electric_bass/CFcPlv9RhEY.mp4,459
/piano/-_F1gRwExMw.wav,/piano/-_F1gRwExMw.mp4,270
/bassoon/Ba5_zNpzAgw.wav,/bassoon/Ba5_zNpzAgw.mp4,440
/electric_bass/NeayVC7CEvM.wav,/electric_bass/NeayVC7CEvM.mp4,115
/bagpipe/xdgQ6LJFGTI.wav,/bagpipe/xdgQ6LJFGTI.mp4,465
/erhu/YLTpkQqX_ek.wav,/erhu/YLTpkQqX_ek.mp4,76
/acoustic_guitar/3zi2fHlfP_8.wav,/acoustic_guitar/3zi2fHlfP_8.mp4,242
/clarinet/ZYMb7ZJkJgc.wav,/clarinet/ZYMb7ZJkJgc.mp4,135
/erhu/CtrTfd8foxA.wav,/erhu/CtrTfd8foxA.mp4,58
/acoustic_guitar/3AQsq1PG1Wc.wav,/acoustic_guitar/3AQsq1PG1Wc.mp4,476
/flute/uJnD0NCyJoc.wav,/flute/uJnD0NCyJoc.mp4,211
/electric_bass/FrNjZANKt-Q.wav,/electric_bass/FrNjZANKt-Q.mp4,164
/acoustic_guitar/7zrsesZWrhc.wav,/acoustic_guitar/7zrsesZWrhc.mp4,234
/bassoon/D0gOvIiH8Hg.wav,/bassoon/D0gOvIiH8Hg.mp4,298
/flute/9L4BvIDqhm8.wav,/flute/9L4BvIDqhm8.mp4,107
/erhu/AlYZ7nWkzcQ.wav,/erhu/AlYZ7nWkzcQ.mp4,44
/congas/N8v-xQ0p8yA.wav,/congas/N8v-xQ0p8yA.mp4,56
/flute/3q104tR3k2Q.wav,/flute/3q104tR3k2Q.mp4,122
/violin/10RkjPIguAY.wav,/violin/10RkjPIguAY.mp4,142
/erhu/ZMM_u1Bk0SI.wav,/erhu/ZMM_u1Bk0SI.mp4,69
/congas/KW2cyLN7bRM.wav,/congas/KW2cyLN7bRM.mp4,554
/guzheng/vTNNzAqqeZ8.wav,/guzheng/vTNNzAqqeZ8.mp4,334
/drum/5aa184rX0SQ.wav,/drum/5aa184rX0SQ.mp4,258
/ukulele/Bsd2TJw0Wss.wav,/ukulele/Bsd2TJw0Wss.mp4,265
/acoustic_guitar/1E7U1w2Z8C0.wav,/acoustic_guitar/1E7U1w2Z8C0.mp4,482
/xylophone/OZDN7VkC6AY.wav,/xylophone/OZDN7VkC6AY.mp4,177
/banjo/KfGoWjfrDNU.wav,/banjo/KfGoWjfrDNU.mp4,127
/bagpipe/ljHG8rMHSHc.wav,/bagpipe/ljHG8rMHSHc.mp4,362
/violin/K1LRscO7TSw.wav,/violin/K1LRscO7TSw.mp4,197
/pipa/6zCb8SYnTvY.wav,/pipa/6zCb8SYnTvY.mp4,172
/piano/3d1b4UH43-E.wav,/piano/3d1b4UH43-E.mp4,262
/ukulele/clt393v6Yqk.wav,/ukulele/clt393v6Yqk.mp4,273
/piano/4fGE07dATvc.wav,/piano/4fGE07dATvc.mp4,305
/clarinet/focoWBYg16w.wav,/clarinet/focoWBYg16w.mp4,151
/ukulele/2TLnVbJzH3E.wav,/ukulele/2TLnVbJzH3E.mp4,109
/erhu/Mdryqvk0UH0.wav,/erhu/Mdryqvk0UH0.mp4,36
/trumpet/-dGfOlFsY20.wav,/trumpet/-dGfOlFsY20.mp4,68
/trumpet/ENnSwgLc2B4.wav,/trumpet/ENnSwgLc2B4.mp4,39
/bassoon/V8ifoas59TM.wav,/bassoon/V8ifoas59TM.mp4,167
/congas/GB9mc0eIa_8.wav,/congas/GB9mc0eIa_8.mp4,430
/drum/EVp6jkgYuUc.wav,/drum/EVp6jkgYuUc.mp4,254
/guzheng/D296jSWKxiM.wav,/guzheng/D296jSWKxiM.mp4,169
/drum/7jsI_0tw8MY.wav,/drum/7jsI_0tw8MY.mp4,230
/acoustic_guitar/ZANyOBEWiJA.wav,/acoustic_guitar/ZANyOBEWiJA.mp4,200
/pipa/41iiV-wahIY.wav,/pipa/41iiV-wahIY.mp4,168
/tuba/ZtVxXYObmOQ.wav,/tuba/ZtVxXYObmOQ.mp4,215
/accordion/E6jlrR-M3tk.wav,/accordion/E6jlrR-M3tk.mp4,153
/bagpipe/IgtMKN8awWA.wav,/bagpipe/IgtMKN8awWA.mp4,241
/flute/j0U_hqIH_XM.wav,/flute/j0U_hqIH_XM.mp4,149
/cello/7RRqeIUqXPs.wav,/cello/7RRqeIUqXPs.mp4,193
/tuba/AKNt1SF-5VA.wav,/tuba/AKNt1SF-5VA.mp4,99
/drum/a9psZCnRJes.wav,/drum/a9psZCnRJes.mp4,242
/clarinet/TKN7q-aEwZw.wav,/clarinet/TKN7q-aEwZw.mp4,161
/piano/pR9R6DxqAhE.wav,/piano/pR9R6DxqAhE.mp4,202
/accordion/PohzBumrY2Q.wav,/accordion/PohzBumrY2Q.mp4,202
/electric_bass/hDYLqqa1FNQ.wav,/electric_bass/hDYLqqa1FNQ.mp4,150
/piano/3P0h1Ib2kM0.wav,/piano/3P0h1Ib2kM0.mp4,287
/acoustic_guitar/XYizxH7yAqA.wav,/acoustic_guitar/XYizxH7yAqA.mp4,109
/congas/DocbWENGxsE.wav,/congas/DocbWENGxsE.mp4,97
/erhu/C7K9dQHlViM.wav,/erhu/C7K9dQHlViM.mp4,143
/electric_bass/-wxurZAFJWA.wav,/electric_bass/-wxurZAFJWA.mp4,214
/pipa/3RP8GYBEiiw.wav,/pipa/3RP8GYBEiiw.mp4,101
/bagpipe/FfV5O2F2waI.wav,/bagpipe/FfV5O2F2waI.mp4,306
/bagpipe/1n44lCfG59k.wav,/bagpipe/1n44lCfG59k.mp4,239
/electric_bass/TF4sJHBIYEo.wav,/electric_bass/TF4sJHBIYEo.mp4,205
/ukulele/2ngAIYZqDxE.wav,/ukulele/2ngAIYZqDxE.mp4,92
/tuba/LKMBOuDkEqo.wav,/tuba/LKMBOuDkEqo.mp4,38
/cello/4Oy5VmaacaI.wav,/cello/4Oy5VmaacaI.mp4,152
/piano/Z2uG1pYaLd4.wav,/piano/Z2uG1pYaLd4.mp4,222
/guzheng/603xwk_CKug.wav,/guzheng/603xwk_CKug.mp4,241
/erhu/HOUBn-wHcwQ.wav,/erhu/HOUBn-wHcwQ.mp4,137
/electric_bass/BWqae9kUD_M.wav,/electric_bass/BWqae9kUD_M.mp4,266
/erhu/AOAE4euXbEc.wav,/erhu/AOAE4euXbEc.mp4,153
/violin/bapfkDpaSGw.wav,/violin/bapfkDpaSGw.mp4,111
/piano/Oe0njWj0KDE.wav,/piano/Oe0njWj0KDE.mp4,139
/banjo/pBU7dNbUxQs.wav,/banjo/pBU7dNbUxQs.mp4,64
/xylophone/Sw8346DYwME.wav,/xylophone/Sw8346DYwME.mp4,69
/tuba/_idF1Hf3-CI.wav,/tuba/_idF1Hf3-CI.mp4,227
/accordion/phwHB8nASOo.wav,/accordion/phwHB8nASOo.mp4,91
/congas/Bsgp-hgtF7E.wav,/congas/Bsgp-hgtF7E.mp4,201
/ukulele/07BlCwnia_U.wav,/ukulele/07BlCwnia_U.mp4,183
/erhu/BB6a5BPpbFs.wav,/erhu/BB6a5BPpbFs.mp4,179
/violin/l7LptHCRkQU.wav,/violin/l7LptHCRkQU.mp4,223
/violin/pWGLb57zbz8.wav,/violin/pWGLb57zbz8.mp4,149
/guzheng/04YOTL2kL6g.wav,/guzheng/04YOTL2kL6g.mp4,53
/trumpet/UFNc_74au6A.wav,/trumpet/UFNc_74au6A.mp4,70
/tuba/SDR39fhyZRI.wav,/tuba/SDR39fhyZRI.mp4,106
/saxophone/LqyX7bRrMTw.wav,/saxophone/LqyX7bRrMTw.mp4,108
/piano/jluODE_-Tds.wav,/piano/jluODE_-Tds.mp4,231
/erhu/31GOxPXDNkk.wav,/erhu/31GOxPXDNkk.mp4,95
/flute/KgebjbW1mGk.wav,/flute/KgebjbW1mGk.mp4,85
/pipa/iVzOtFTfgrg.wav,/pipa/iVzOtFTfgrg.mp4,312
/cello/19CdPaHrVPQ.wav,/cello/19CdPaHrVPQ.mp4,186
/clarinet/D6YQ6WwWZrk.wav,/clarinet/D6YQ6WwWZrk.mp4,87
/electric_bass/kJAJZ0Xn4pA.wav,/electric_bass/kJAJZ0Xn4pA.mp4,137
/trumpet/rZYf9Dl8ew0.wav,/trumpet/rZYf9Dl8ew0.mp4,53
/drum/PkJWA3cf-z4.wav,/drum/PkJWA3cf-z4.mp4,73
/bassoon/Aiantckb2lk.wav,/bassoon/Aiantckb2lk.mp4,533
/violin/8mDNLCo1McQ.wav,/violin/8mDNLCo1McQ.mp4,112
/guzheng/0pXFhOg1o2c.wav,/guzheng/0pXFhOg1o2c.mp4,553
/trumpet/g1sNdUDTfJQ.wav,/trumpet/g1sNdUDTfJQ.mp4,71
/congas/FyJTmjsiDuM.wav,/congas/FyJTmjsiDuM.mp4,834
/trumpet/PYjwNew61XQ.wav,/trumpet/PYjwNew61XQ.mp4,118
/ukulele/B-uzLWNKUeo.wav,/ukulele/B-uzLWNKUeo.mp4,188
/pipa/eAS-Lj0IRk4.wav,/pipa/eAS-Lj0IRk4.mp4,56
/acoustic_guitar/5awjINljUoo.wav,/acoustic_guitar/5awjINljUoo.mp4,155
/electric_bass/aY4Ra2KOyas.wav,/electric_bass/aY4Ra2KOyas.mp4,359
/drum/Ln6ynUjGa80.wav,/drum/Ln6ynUjGa80.mp4,362
/acoustic_guitar/40KRN9rzkpk.wav,/acoustic_guitar/40KRN9rzkpk.mp4,279
/pipa/4OX1co9IV68.wav,/pipa/4OX1co9IV68.mp4,273
/ukulele/aJpxlrsy2As.wav,/ukulele/aJpxlrsy2As.mp4,151
/congas/8RjCoqH6jdM.wav,/congas/8RjCoqH6jdM.mp4,340
/acoustic_guitar/1TBxNBIUx3o.wav,/acoustic_guitar/1TBxNBIUx3o.mp4,126
/ukulele/6nxSuOPWrn4.wav,/ukulele/6nxSuOPWrn4.mp4,156
/trumpet/ZFp0yw9Dxcw.wav,/trumpet/ZFp0yw9Dxcw.mp4,39
/erhu/MTyf4utLlJk.wav,/erhu/MTyf4utLlJk.mp4,214
/piano/S0M77oMpTws.wav,/piano/S0M77oMpTws.mp4,195
/erhu/9PJgKV2VCcM.wav,/erhu/9PJgKV2VCcM.mp4,141
/drum/LRb3gwiLZI8.wav,/drum/LRb3gwiLZI8.mp4,270
/bagpipe/ONAQPiivnuw.wav,/bagpipe/ONAQPiivnuw.mp4,528
/pipa/DIt5UQR1tdo.wav,/pipa/DIt5UQR1tdo.mp4,349
/flute/wEzEcfz1QS0.wav,/flute/wEzEcfz1QS0.mp4,169
/tuba/35TPV7_D7do.wav,/tuba/35TPV7_D7do.mp4,27
/acoustic_guitar/HPyM9xzrih0.wav,/acoustic_guitar/HPyM9xzrih0.mp4,135
/violin/-L5Bo-mWKCI.wav,/violin/-L5Bo-mWKCI.mp4,50
/clarinet/W9ZICrM6V-s.wav,/clarinet/W9ZICrM6V-s.mp4,47
/trumpet/2gk-IN35s5I.wav,/trumpet/2gk-IN35s5I.mp4,104
/erhu/Vq0eH1uUvXc.wav,/erhu/Vq0eH1uUvXc.mp4,178
/trumpet/aCi1P8Rymo4.wav,/trumpet/aCi1P8Rymo4.mp4,90
/trumpet/U2NMdF5yzdE.wav,/trumpet/U2NMdF5yzdE.mp4,60
/xylophone/Jtq-HDS3Zdc.wav,/xylophone/Jtq-HDS3Zdc.mp4,88
/accordion/bq5utI8KK_8.wav,/accordion/bq5utI8KK_8.mp4,110
/acoustic_guitar/8RblA-E3140.wav,/acoustic_guitar/8RblA-E3140.mp4,267
/banjo/3TJPKAfxyEE.wav,/banjo/3TJPKAfxyEE.mp4,165
/ukulele/D3XElpEghKo.wav,/ukulele/D3XElpEghKo.mp4,173
/xylophone/-0gYWIOfqdM.wav,/xylophone/-0gYWIOfqdM.mp4,87
/guzheng/0AKB1aSpyNg.wav,/guzheng/0AKB1aSpyNg.mp4,318
/banjo/GXcRI0BdioE.wav,/banjo/GXcRI0BdioE.mp4,265
/violin/X2gQ8Jnk2P8.wav,/violin/X2gQ8Jnk2P8.mp4,133
/tuba/NDVxjRCWjYU.wav,/tuba/NDVxjRCWjYU.mp4,210