/Church_bell/EsfJpLbBeb4.wav,/Church_bell/EsfJpLbBeb4.mp4,301
/Church_bell/hOuyJFqb4JM.wav,/Church_bell/hOuyJFqb4JM.mp4,251
/Church_bell/XGVkq0Kl2aw.wav,/Church_bell/XGVkq0Kl2aw.mp4,301
/Church_bell/cfoJrTWCMeA.wav,/Church_bell/cfoJrTWCMeA.mp4,301
/Church_bell/7jL_B4oX7xc.wav,/Church_bell/7jL_B4oX7xc.mp4,301
/Church_bell/3Bu43fLiyoM.wav,/Church_bell/3Bu43fLiyoM.mp4,251
/Church_bell/b_CLr2QHAVA.wav,/Church_bell/b_CLr2QHAVA.mp4,251
/Church_bell/Hhqvvc4qu2Y.wav,/Church_bell/Hhqvvc4qu2Y.mp4,301
/Church_bell/XR0EgZreEio.wav,/Church_bell/XR0EgZreEio.mp4,301
/Church_bell/M-fNi-L59Gk.wav,/Church_bell/M-fNi-L59Gk.mp4,301
/Church_bell/K5AE5C5FUQk.wav,/Church_bell/K5AE5C5FUQk.mp4,251
/Church_bell/ePf6temHLPg.wav,/Church_bell/ePf6temHLPg.mp4,301
/Church_bell/-leVhma9zaA.wav,/Church_bell/-leVhma9zaA.mp4,301
/Church_bell/aCyWUJkT_5U.wav,/Church_bell/aCyWUJkT_5U.mp4,301
/Church_bell/o-9ZgsfDQnY.wav,/Church_bell/o-9ZgsfDQnY.mp4,251
/Church_bell/XK6D6pTotPM.wav,/Church_bell/XK6D6pTotPM.mp4,241
/Church_bell/k6SR8d5y6o8.wav,/Church_bell/k6SR8d5y6o8.mp4,301
/Church_bell/ehtav23phEw.wav,/Church_bell/ehtav23phEw.mp4,301
/Male/0PRVVZXqqv4.wav,/Male/0PRVVZXqqv4.mp4,301
/Male/-en7GAdXAQk.wav,/Male/-en7GAdXAQk.mp4,301
/Male/0vJPhb4hqUw.wav,/Male/0vJPhb4hqUw.mp4,301
/Male/0NmA9tKpBdw.wav,/Male/0NmA9tKpBdw.mp4,251
/Male/-GL6Sw_U1gk.wav,/Male/-GL6Sw_U1gk.mp4,301
/Male/16g2BbGnkqw.wav,/Male/16g2BbGnkqw.mp4,301
/Male/-X4Ir4_DY5E.wav,/Male/-X4Ir4_DY5E.mp4,251
/Male/0jr-YC7JdwQ.wav,/Male/0jr-YC7JdwQ.mp4,250
/Male/-HJ6gu8nvYI.wav,/Male/-HJ6gu8nvYI.mp4,267
/Male/-KXbozG7cxQ.wav,/Male/-KXbozG7cxQ.mp4,301
/Male/-0O7GsELcIQ.wav,/Male/-0O7GsELcIQ.mp4,251
/Male/-x1JLdRWdIM.wav,/Male/-x1JLdRWdIM.mp4,251
/Male/-fLESpwoaCI.wav,/Male/-fLESpwoaCI.mp4,301
/Male/-hr5XT5TOEY.wav,/Male/-hr5XT5TOEY.mp4,251
/Male/10oHszPLzGg.wav,/Male/10oHszPLzGg.mp4,251
/Male/-ZpfXjmTrI8.wav,/Male/-ZpfXjmTrI8.mp4,301
/Male/0NIIiiFRmhs.wav,/Male/0NIIiiFRmhs.mp4,300
/Bark/88hi2RUL7UE.wav,/Bark/88hi2RUL7UE.mp4,300
/Bark/41TTeZMRpzs.wav,/Bark/41TTeZMRpzs.mp4,301
/Bark/C36VKCXQT3c.wav,/Bark/C36VKCXQT3c.mp4,301
/Bark/BXmugBgPWcA.wav,/Bark/BXmugBgPWcA.mp4,301
/Bark/Iu25yrsetUM.wav,/Bark/Iu25yrsetUM.mp4,301
/Bark/McyzwLkySCM.wav,/Bark/McyzwLkySCM.mp4,301
/Bark/47MR-rUOrx4.wav,/Bark/47MR-rUOrx4.mp4,301
/Bark/4dmBaDl584M.wav,/Bark/4dmBaDl584M.mp4,300
/Bark/4dbhc3pklcQ.wav,/Bark/4dbhc3pklcQ.mp4,301
/Bark/Dc8UmmjIAWE.wav,/Bark/Dc8UmmjIAWE.mp4,241
/Bark/FRp2f-WKa7s.wav,/Bark/FRp2f-WKa7s.mp4,251
/Bark/ALP8_z817Uw.wav,/Bark/ALP8_z817Uw.mp4,301
/Bark/-BJNMHMZDcU.wav,/Bark/-BJNMHMZDcU.mp4,295
/Bark/Baue01N86wE.wav,/Bark/Baue01N86wE.mp4,301
/Bark/9nn7njUNYP8.wav,/Bark/9nn7njUNYP8.mp4,251
/Bark/LpfewILEuUU.wav,/Bark/LpfewILEuUU.mp4,301
/Bark/ElVlgv58uLI.wav,/Bark/ElVlgv58uLI.mp4,301
/Aircraft/8bpsyzwKMaU.wav,/Aircraft/8bpsyzwKMaU.mp4,250
/Aircraft/45Joz4cqbc8.wav,/Aircraft/45Joz4cqbc8.mp4,241
/Aircraft/5aJWAISV1UU.wav,/Aircraft/5aJWAISV1UU.mp4,251
/Aircraft/5-K1o6veuZI.wav,/Aircraft/5-K1o6veuZI.mp4,251
/Aircraft/-X7d4l-QEh0.wav,/Aircraft/-X7d4l-QEh0.mp4,301
/Aircraft/7iIBkME4bSM.wav,/Aircraft/7iIBkME4bSM.mp4,301
/Aircraft/6a1dJ49KuuM.wav,/Aircraft/6a1dJ49KuuM.mp4,301
/Aircraft/8B4pp_c9c0E.wav,/Aircraft/8B4pp_c9c0E.mp4,300
/Aircraft/94_vBTqolrY.wav,/Aircraft/94_vBTqolrY.mp4,300
/Aircraft/7nGprDHshLY.wav,/Aircraft/7nGprDHshLY.mp4,301
/Aircraft/B2yCH3NGBrU.wav,/Aircraft/B2yCH3NGBrU.mp4,301
/Aircraft/7_IIQ0li42M.wav,/Aircraft/7_IIQ0li42M.mp4,301
/Aircraft/J4IqYJ_IT3c.wav,/Aircraft/J4IqYJ_IT3c.mp4,250
/Aircraft/7p8PscFO5IQ.wav,/Aircraft/7p8PscFO5IQ.mp4,301
/Aircraft/CWzWbKAR7po.wav,/Aircraft/CWzWbKAR7po.mp4,251
/Aircraft/KIcnXRsvIe4.wav,/Aircraft/KIcnXRsvIe4.mp4,301
/Aircraft/DQfZnVP5LP0.wav,/Aircraft/DQfZnVP5LP0.mp4,251
/Aircraft/9y1lQfK0CSY.wav,/Aircraft/9y1lQfK0CSY.mp4,301
/Race_car/52al3EPPW2A.wav,/Race_car/52al3EPPW2A.mp4,250
/Race_car/3iQzI1r6Ow4.wav,/Race_car/3iQzI1r6Ow4.mp4,301
/Race_car/1RQpv8AZQYk.wav,/Race_car/1RQpv8AZQYk.mp4,241
/Race_car/5Lksz_pAFx8.wav,/Race_car/5Lksz_pAFx8.mp4,301
/Race_car/-y7tnKy2Kgw.wav,/Race_car/-y7tnKy2Kgw.mp4,251
/Race_car/4AaY8e2SDgE.wav,/Race_car/4AaY8e2SDgE.mp4,251
/Race_car/6Cg0TkI_GKk.wav,/Race_car/6Cg0TkI_GKk.mp4,301
/Race_car/4LaTWnw4_Z8.wav,/Race_car/4LaTWnw4_Z8.mp4,301
/Race_car/-WOcO4B-Jis.wav,/Race_car/-WOcO4B-Jis.mp4,301
/Race_car/5ppzGZHPIDM.wav,/Race_car/5ppzGZHPIDM.mp4,251
/Race_car/33fbMHu4nzo.wav,/Race_car/33fbMHu4nzo.mp4,300
/Race_car/7DLmBTAGLmI.wav,/Race_car/7DLmBTAGLmI.mp4,301
/Race_car/1ElntnVDwas.wav,/Race_car/1ElntnVDwas.mp4,301
/Race_car/6XNavva3RYk.wav,/Race_car/6XNavva3RYk.mp4,209
/Race_car/6d7aULxnMVY.wav,/Race_car/6d7aULxnMVY.mp4,301
/Race_car/0eUKfO9ZNdM.wav,/Race_car/0eUKfO9ZNdM.mp4,300
/Race_car/5xEJrUcH7Gw.wav,/Race_car/5xEJrUcH7Gw.mp4,301
/Race_car/1_4SgnRUZoA.wav,/Race_car/1_4SgnRUZoA.mp4,301
/Female/10WAJUeI3vo.wav,/Female/10WAJUeI3vo.mp4,250
/Female/-A8vyL66iIU.wav,/Female/-A8vyL66iIU.mp4,251
/Female/1PtJ6jckef0.wav,/Female/1PtJ6jckef0.mp4,300
/Female/1BkHCsfaduk.wav,/Female/1BkHCsfaduk.mp4,251
/Female/1eDacKns0Hk.wav,/Female/1eDacKns0Hk.mp4,251
/Female/1XMIboVxwTk.wav,/Female/1XMIboVxwTk.mp4,301
/Female/19oVEEA5G4c.wav,/Female/19oVEEA5G4c.mp4,301
/Female/1PA-eGzyIhM.wav,/Female/1PA-eGzyIhM.mp4,301
/Female/0qvQIuQoODo.wav,/Female/0qvQIuQoODo.mp4,251
/Female/-Y5nYQIRkJ0.wav,/Female/-Y5nYQIRkJ0.mp4,250
/Female/1aYj7WHd5RM.wav,/Female/1aYj7WHd5RM.mp4,301
/Female/-5EoTUVneQA.wav,/Female/-5EoTUVneQA.mp4,250
/Female/15OKLCZema8.wav,/Female/15OKLCZema8.mp4,301
/Female/-bwf8Sp82iA.wav,/Female/-bwf8Sp82iA.mp4,251
/Female/1LzDdG0rn9o.wav,/Female/1LzDdG0rn9o.mp4,301
/Female/0dh-PjhhN9U.wav,/Female/0dh-PjhhN9U.mp4,301
/Female/0E6nE2jPiTs.wav,/Female/0E6nE2jPiTs.mp4,301
/Helicopter/7jZmLlZ7Pxo.wav,/Helicopter/7jZmLlZ7Pxo.mp4,301
/Helicopter/07tRPkQBQRg.wav,/Helicopter/07tRPkQBQRg.mp4,301
/Helicopter/6v3UI7HbprE.wav,/Helicopter/6v3UI7HbprE.mp4,300
/Helicopter/4HxIyosr-AM.wav,/Helicopter/4HxIyosr-AM.mp4,251
/Helicopter/43IxB0Hz2RA.wav,/Helicopter/43IxB0Hz2RA.mp4,300
/Helicopter/3LqKwILBqKk.wav,/Helicopter/3LqKwILBqKk.mp4,301
/Helicopter/ANAGPl7QZ0k.wav,/Helicopter/ANAGPl7QZ0k.mp4,301
/Helicopter/F9-W5ZCxDhs.wav,/Helicopter/F9-W5ZCxDhs.mp4,301
/Helicopter/1vw4LB-D2zo.wav,/Helicopter/1vw4LB-D2zo.mp4,301
/Helicopter/1HOdVz725U0.wav,/Helicopter/1HOdVz725U0.mp4,300
/Helicopter/5pac-XjDskw.wav,/Helicopter/5pac-XjDskw.mp4,301
/Helicopter/7PJ8lktkdHg.wav,/Helicopter/7PJ8lktkdHg.mp4,301
/Helicopter/Ery7CcrMD4s.wav,/Helicopter/Ery7CcrMD4s.mp4,301
/Helicopter/AavEub0hTD8.wav,/Helicopter/AavEub0hTD8.mp4,251
/Helicopter/BDDxfr4xf0k.wav,/Helicopter/BDDxfr4xf0k.mp4,250
/Helicopter/9CKK9FTLqRw.wav,/Helicopter/9CKK9FTLqRw.mp4,301
/Helicopter/Fpz0yvhcXBk.wav,/Helicopter/Fpz0yvhcXBk.mp4,301
/Violin/0Gd5jNxWRTM.wav,/Violin/0Gd5jNxWRTM.mp4,301
/Violin/-pyreSm_sQs.wav,/Violin/-pyreSm_sQs.mp4,301
/Violin/-M-J1wStU48.wav,/Violin/-M-J1wStU48.mp4,301
/Violin/-OuFhaw1uFA.wav,/Violin/-OuFhaw1uFA.mp4,301
/Violin/-8t1Nj0WSag.wav,/Violin/-8t1Nj0WSag.mp4,251
/Violin/-PljzzluWNw.wav,/Violin/-PljzzluWNw.mp4,250
/Violin/-skRBLEnyW4.wav,/Violin/-skRBLEnyW4.mp4,241
/Violin/-lOf63NuemY.wav,/Violin/-lOf63NuemY.mp4,251
/Violin/024vJIboFg4.wav,/Violin/024vJIboFg4.mp4,301
/Violin/-tQ_wuruRB4.wav,/Violin/-tQ_wuruRB4.mp4,241
/Violin/-HA1YY-tfUo.wav,/Violin/-HA1YY-tfUo.mp4,301
/Violin/-67UNKFmRLk.wav,/Violin/-67UNKFmRLk.mp4,250
/Violin/-AVRvAlbRIg.wav,/Violin/-AVRvAlbRIg.mp4,301
/Violin/-UYecGJqgBg.wav,/Violin/-UYecGJqgBg.mp4,301
/Violin/-XUkTaI-mxc.wav,/Violin/-XUkTaI-mxc.mp4,301
/Violin/-Rr7pnVemdc.wav,/Violin/-Rr7pnVemdc.mp4,250
/Violin/-CaG-H32hMg.wav,/Violin/-CaG-H32hMg.mp4,250
/Violin/-QR7nHlMqhc.wav,/Violin/-QR7nHlMqhc.mp4,301
/Flute/-yGno5_ywmA.wav,/Flute/-yGno5_ywmA.mp4,300
/Flute/0-SnwMhYG1k.wav,/Flute/0-SnwMhYG1k.mp4,300
/Flute/2ADAPGLJJzk.wav,/Flute/2ADAPGLJJzk.mp4,300
/Flute/03jRqksffAw.wav,/Flute/03jRqksffAw.mp4,300
/Flute/1JCAUjzgee8.wav,/Flute/1JCAUjzgee8.mp4,300
/Flute/-HpCjiutVuE.wav,/Flute/-HpCjiutVuE.mp4,250
/Flute/06OMekgtQkM.wav,/Flute/06OMekgtQkM.mp4,250
/Flute/07uyW4Y3og0.wav,/Flute/07uyW4Y3og0.mp4,300
/Flute/-GK0GKqrr5c.wav,/Flute/-GK0GKqrr5c.mp4,300
/Flute/0gB3liqZO3Y.wav,/Flute/0gB3liqZO3Y.mp4,300
/Flute/0XREe1fQLHY.wav,/Flute/0XREe1fQLHY.mp4,300
/Flute/02rnKVawh0E.wav,/Flute/02rnKVawh0E.mp4,250
/Flute/1ECScX5ai4k.wav,/Flute/1ECScX5ai4k.mp4,250
/Flute/0BP5R5ADZko.wav,/Flute/0BP5R5ADZko.mp4,300
/Flute/0P8acnEXs0Q.wav,/Flute/0P8acnEXs0Q.mp4,300
/Flute/0gvG0FT2JO4.wav,/Flute/0gvG0FT2JO4.mp4,240
/Flute/1sjmFJzDG0o.wav,/Flute/1sjmFJzDG0o.mp4,300
/Ukulele/02ybUyAOt-M.wav,/Ukulele/02ybUyAOt-M.mp4,300
/Ukulele/16cpSo6bBCE.wav,/Ukulele/16cpSo6bBCE.mp4,300
/Ukulele/0M1o_44OS74.wav,/Ukulele/0M1o_44OS74.mp4,300
/Ukulele/-IT9xQaXudA.wav,/Ukulele/-IT9xQaXudA.mp4,300
/Ukulele/0qOweC3BsE0.wav,/Ukulele/0qOweC3BsE0.mp4,300
/Ukulele/0TKdfV2_l1A.wav,/Ukulele/0TKdfV2_l1A.mp4,240
/Ukulele/1hx6q-hUWzY.wav,/Ukulele/1hx6q-hUWzY.mp4,300
/Ukulele/2hh_VXjk5JY.wav,/Ukulele/2hh_VXjk5JY.mp4,250
/Ukulele/1eT10fiwAEI.wav,/Ukulele/1eT10fiwAEI.mp4,300
/Ukulele/1lRBHIMM0A0.wav,/Ukulele/1lRBHIMM0A0.mp4,300
/Ukulele/215zKW1YIr4.wav,/Ukulele/215zKW1YIr4.mp4,300
/Ukulele/1f-HZ_QFxdQ.wav,/Ukulele/1f-HZ_QFxdQ.mp4,300
/Ukulele/0OAP5Vq_NQM.wav,/Ukulele/0OAP5Vq_NQM.mp4,250
/Ukulele/1y2nPnpYUmc.wav,/Ukulele/1y2nPnpYUmc.mp4,300
/Ukulele/1Yha-cJ83vs.wav,/Ukulele/1Yha-cJ83vs.mp4,300
/Ukulele/-9Icd-D57Yo.wav,/Ukulele/-9Icd-D57Yo.mp4,300
/Food/9GmZFnAJsjE.wav,/Food/9GmZFnAJsjE.mp4,300
/Food/7n4LwRcCA6I.wav,/Food/7n4LwRcCA6I.mp4,250
/Food/8HbKrFYTWI4.wav,/Food/8HbKrFYTWI4.mp4,240
/Food/7ZTBswMDOW0.wav,/Food/7ZTBswMDOW0.mp4,250
/Food/5DhRsc0Rcjs.wav,/Food/5DhRsc0Rcjs.mp4,250
/Food/4gZQO_9-HPI.wav,/Food/4gZQO_9-HPI.mp4,300
/Food/2u1uhPJjG0E.wav,/Food/2u1uhPJjG0E.mp4,250
/Food/AiPaclfScPk.wav,/Food/AiPaclfScPk.mp4,300
/Food/5AU-uj5YWqI.wav,/Food/5AU-uj5YWqI.mp4,240
/Food/-Owu1H-JG9w.wav,/Food/-Owu1H-JG9w.mp4,300
/Food/0eTnDw0z8MQ.wav,/Food/0eTnDw0z8MQ.mp4,250
/Food/3e85HcbgUu4.wav,/Food/3e85HcbgUu4.mp4,300
/Food/1N2Qke7eo9k.wav,/Food/1N2Qke7eo9k.mp4,300
/Food/0rrQS9Nt48s.wav,/Food/0rrQS9Nt48s.mp4,300
/Food/02sD1KJeoGA.wav,/Food/02sD1KJeoGA.mp4,300
/Food/5wejTnHEa9c.wav,/Food/5wejTnHEa9c.mp4,300
/Food/2IvlhZhAQXg.wav,/Food/2IvlhZhAQXg.mp4,300
/Food/5jGW04-qCqA.wav,/Food/5jGW04-qCqA.mp4,300
/Truck/-AVzYvKHwPg.wav,/Truck/-AVzYvKHwPg.mp4,250
/Truck/-6TQKeeULa0.wav,/Truck/-6TQKeeULa0.mp4,290
/Truck/-X0vNLwH1C0.wav,/Truck/-X0vNLwH1C0.mp4,300
/Truck/-DXUMMSmd-A.wav,/Truck/-DXUMMSmd-A.mp4,300
/Truck/-fU6g_dGmAU.wav,/Truck/-fU6g_dGmAU.mp4,300
/Truck/-XeZTbdHjHI.wav,/Truck/-XeZTbdHjHI.mp4,300
/Truck/-XLSWr8TIAQ.wav,/Truck/-XLSWr8TIAQ.mp4,250
/Truck/-g3TklnBeGQ.wav,/Truck/-g3TklnBeGQ.mp4,300
/Truck/-G69HG5BGNo.wav,/Truck/-G69HG5BGNo.mp4,300
/Truck/-8jVnlHDsso.wav,/Truck/-8jVnlHDsso.mp4,300
/Truck/-BXMX3yEPto.wav,/Truck/-BXMX3yEPto.mp4,300
/Truck/-GYwMQJmQEo.wav,/Truck/-GYwMQJmQEo.mp4,300
/Truck/-IKMo9-20Zc.wav,/Truck/-IKMo9-20Zc.mp4,300
/Shofar/JcR5RqymM_8.wav,/Shofar/JcR5RqymM_8.mp4,300
/Shofar/SZxC8Y1d27w.wav,/Shofar/SZxC8Y1d27w.mp4,300
/Shofar/1mJRKAD0O-M.wav,/Shofar/1mJRKAD0O-M.mp4,300
/Shofar/ddU9u9pBszc.wav,/Shofar/ddU9u9pBszc.mp4,300
/Shofar/PRriMdEO23I.wav,/Shofar/PRriMdEO23I.mp4,300
/Shofar/zaSl51J20-o.wav,/Shofar/zaSl51J20-o.mp4,300
/Shofar/etUOhOzhZ-c.wav,/Shofar/etUOhOzhZ-c.mp4,300
/Shofar/AJXpyRSl0N8.wav,/Shofar/AJXpyRSl0N8.mp4,250
/Shofar/NLuzDn-xrgQ.wav,/Shofar/NLuzDn-xrgQ.mp4,250
/Shofar/S1RCREycn4s.wav,/Shofar/S1RCREycn4s.mp4,300
/Motorcycle/-yJF5hr0j2E.wav,/Motorcycle/-yJF5hr0j2E.mp4,300
/Motorcycle/-jXKNLiTd4k.wav,/Motorcycle/-jXKNLiTd4k.mp4,300
/Motorcycle/1E45OfstoFo.wav,/Motorcycle/1E45OfstoFo.mp4,250
/Motorcycle/-eO7J5kuaUg.wav,/Motorcycle/-eO7J5kuaUg.mp4,240
/Motorcycle/0Dt-pH0pW-Y.wav,/Motorcycle/0Dt-pH0pW-Y.mp4,250
/Motorcycle/-HmuMoykRqA.wav,/Motorcycle/-HmuMoykRqA.mp4,300
/Motorcycle/0VonGBmATx8.wav,/Motorcycle/0VonGBmATx8.mp4,300
/Motorcycle/1PV6TCRQTok.wav,/Motorcycle/1PV6TCRQTok.mp4,300
/Motorcycle/05c_JwurbrU.wav,/Motorcycle/05c_JwurbrU.mp4,300
/Acoustic_guitar/--sbZ5YMSm4.wav,/Acoustic_guitar/--sbZ5YMSm4.mp4,300
/Acoustic_guitar/-FU3-n6XvbI.wav,/Acoustic_guitar/-FU3-n6XvbI.mp4,300
/Acoustic_guitar/-1v35Pyt2v8.wav,/Acoustic_guitar/-1v35Pyt2v8.mp4,250
/Acoustic_guitar/-1Fcf1ifAho.wav,/Acoustic_guitar/-1Fcf1ifAho.mp4,300
/Acoustic_guitar/-44qKBR8bGQ.wav,/Acoustic_guitar/-44qKBR8bGQ.mp4,250
/Acoustic_guitar/-DOcQ2NVnHE.wav,/Acoustic_guitar/-DOcQ2NVnHE.mp4,300
/Acoustic_guitar/-6yqaqO4Jco.wav,/Acoustic_guitar/-6yqaqO4Jco.mp4,250
/Acoustic_guitar/-2ojh56BlSQ.wav,/Acoustic_guitar/-2ojh56BlSQ.mp4,300
/Acoustic_guitar/-E7Q8Z2w5pA.wav,/Acoustic_guitar/-E7Q8Z2w5pA.mp4,250
/Acoustic_guitar/-7bvjkedz-Q.wav,/Acoustic_guitar/-7bvjkedz-Q.mp4,300
/Acoustic_guitar/--vNfjUwxnc.wav,/Acoustic_guitar/--vNfjUwxnc.mp4,300
/Acoustic_guitar/-660yf6Dwb0.wav,/Acoustic_guitar/-660yf6Dwb0.mp4,300
/Acoustic_guitar/-DWrgPM-NSw.wav,/Acoustic_guitar/-DWrgPM-NSw.mp4,300
/Acoustic_guitar/-FIGpCo9VoM.wav,/Acoustic_guitar/-FIGpCo9VoM.mp4,300
/Acoustic_guitar/-BEsuk8TTPs.wav,/Acoustic_guitar/-BEsuk8TTPs.mp4,240
/Acoustic_guitar/-9_5_2i4igQ.wav,/Acoustic_guitar/-9_5_2i4igQ.mp4,300
/Acoustic_guitar/-5lX_xVW5oE.wav,/Acoustic_guitar/-5lX_xVW5oE.mp4,300
/Acoustic_guitar/-1wShjRIMEI.wav,/Acoustic_guitar/-1wShjRIMEI.mp4,300
/Train/6NAcuyS_vjs.wav,/Train/6NAcuyS_vjs.mp4,300
/Train/3O8GirGuUL4.wav,/Train/3O8GirGuUL4.mp4,300
/Train/-5QrBL6MzLg.wav,/Train/-5QrBL6MzLg.mp4,300
/Train/2ubvf7fB5co.wav,/Train/2ubvf7fB5co.mp4,250
/Train/0_eJQ3UbQ1U.wav,/Train/0_eJQ3UbQ1U.mp4,300
/Train/5NwrPL4p0Co.wav,/Train/5NwrPL4p0Co.mp4,300
/Train/6Q7JIacR29o.wav,/Train/6Q7JIacR29o.mp4,300
/Train/1hQLr88iCvg.wav,/Train/1hQLr88iCvg.mp4,300
/Train/2LLmf6lEvX8.wav,/Train/2LLmf6lEvX8.mp4,250
/Train/1VVcSXcb51o.wav,/Train/1VVcSXcb51o.mp4,300
/Train/6Rv0x3NewpY.wav,/Train/6Rv0x3NewpY.mp4,250
/Train/7_BtnZxpN-I.wav,/Train/7_BtnZxpN-I.mp4,300
/Train/79jBK-NLpsM.wav,/Train/79jBK-NLpsM.mp4,300
/Train/2Zctd8ryM9M.wav,/Train/2Zctd8ryM9M.mp4,300
/Train/59y9J_MBC_Y.wav,/Train/59y9J_MBC_Y.mp4,250
/Train/52giNcwzggo.wav,/Train/52giNcwzggo.mp4,300
/Train/5DYvxX5j27w.wav,/Train/5DYvxX5j27w.mp4,300
/Clock/2vBIH5rfxV4.wav,/Clock/2vBIH5rfxV4.mp4,250
/Clock/IJCt1QRXB2c.wav,/Clock/IJCt1QRXB2c.mp4,300
/Clock/CsBXfaWNS84.wav,/Clock/CsBXfaWNS84.mp4,250
/Clock/2uOqzDrthyA.wav,/Clock/2uOqzDrthyA.mp4,250
/Clock/9uJbrJ15FdM.wav,/Clock/9uJbrJ15FdM.mp4,300
/Clock/AHFXM8T-hx0.wav,/Clock/AHFXM8T-hx0.mp4,300
/Clock/2jkFn9zX8GY.wav,/Clock/2jkFn9zX8GY.mp4,300
/Clock/3tWv_tZWTjs.wav,/Clock/3tWv_tZWTjs.mp4,300
/Clock/OplrWEqbX10.wav,/Clock/OplrWEqbX10.mp4,300
/Clock/4SewzEbAkgs.wav,/Clock/4SewzEbAkgs.mp4,300
/Clock/T192PyU-mko.wav,/Clock/T192PyU-mko.mp4,300
/Clock/FuWDfaQjbvs.wav,/Clock/FuWDfaQjbvs.mp4,250
/Clock/RoIS0PkFCPo.wav,/Clock/RoIS0PkFCPo.mp4,300
/Clock/DwL4s6GZNzg.wav,/Clock/DwL4s6GZNzg.mp4,300
/Clock/IO_KCzzaV9Y.wav,/Clock/IO_KCzzaV9Y.mp4,300
/Clock/45Fs-dHFwpQ.wav,/Clock/45Fs-dHFwpQ.mp4,240
/Banjo/2RC9m3ztmBg.wav,/Banjo/2RC9m3ztmBg.mp4,300
/Banjo/4MZ6HsL2eaE.wav,/Banjo/4MZ6HsL2eaE.mp4,250
/Banjo/2vJ4gKp_sag.wav,/Banjo/2vJ4gKp_sag.mp4,300
/Banjo/4-AQAJIOLuM.wav,/Banjo/4-AQAJIOLuM.mp4,250
/Banjo/1Wad6w0CjXk.wav,/Banjo/1Wad6w0CjXk.mp4,300
/Banjo/3gScc4I0l2Q.wav,/Banjo/3gScc4I0l2Q.mp4,300
/Banjo/78xOH_VHip8.wav,/Banjo/78xOH_VHip8.mp4,250
/Banjo/7LGNvCLyIh0.wav,/Banjo/7LGNvCLyIh0.mp4,300
/Banjo/3D6DZfMIfcU.wav,/Banjo/3D6DZfMIfcU.mp4,300
/Banjo/-fJyZgz9uvc.wav,/Banjo/-fJyZgz9uvc.mp4,300
/Banjo/2oo9XbOXxpQ.wav,/Banjo/2oo9XbOXxpQ.mp4,300
/Banjo/0d4LVcuLR6c.wav,/Banjo/0d4LVcuLR6c.mp4,300
/Banjo/3DNK6BxlnyQ.wav,/Banjo/3DNK6BxlnyQ.mp4,300
/Banjo/2FV62F09ICM.wav,/Banjo/2FV62F09ICM.mp4,300
/Banjo/4wIzbiihgE4.wav,/Banjo/4wIzbiihgE4.mp4,300
/Banjo/0VFJ5fVLe_A.wav,/Banjo/0VFJ5fVLe_A.mp4,300
/Banjo/-9xKC8r1Ww0.wav,/Banjo/-9xKC8r1Ww0.mp4,300
/Banjo/0l4rszJ8M9E.wav,/Banjo/0l4rszJ8M9E.mp4,300
/Goat/95BBXTWKR4U.wav,/Goat/95BBXTWKR4U.mp4,250
/Goat/6KjK4KUKm0U.wav,/Goat/6KjK4KUKm0U.mp4,300
/Goat/73zZ8qsYftM.wav,/Goat/73zZ8qsYftM.mp4,293
/Goat/8PFRw4AgcjM.wav,/Goat/8PFRw4AgcjM.mp4,300
/Goat/8xTIvAitUsw.wav,/Goat/8xTIvAitUsw.mp4,289
/Goat/0Kmngfi6USI.wav,/Goat/0Kmngfi6USI.mp4,300
/Goat/-GecFRVdJ58.wav,/Goat/-GecFRVdJ58.mp4,300
/Goat/7lLbVG85YcE.wav,/Goat/7lLbVG85YcE.mp4,300
/Goat/1SMerEFcw_E.wav,/Goat/1SMerEFcw_E.mp4,300
/Goat/5eDSROXbHbA.wav,/Goat/5eDSROXbHbA.mp4,250
/Baby/29btFLxZNs4.wav,/Baby/29btFLxZNs4.mp4,250
/Baby/2ULEIoRKW_Q.wav,/Baby/2ULEIoRKW_Q.mp4,300
/Baby/2hZ8I2fqG9k.wav,/Baby/2hZ8I2fqG9k.mp4,300
/Baby/2gZWXqZK18E.wav,/Baby/2gZWXqZK18E.mp4,300
/Baby/0D5CBzE1trY.wav,/Baby/0D5CBzE1trY.mp4,300
/Baby/4EK_G7Kn8yU.wav,/Baby/4EK_G7Kn8yU.mp4,300
/Baby/2NO6vZMwCe0.wav,/Baby/2NO6vZMwCe0.mp4,300
/Baby/4V3TFiHFqDc.wav,/Baby/4V3TFiHFqDc.mp4,300
/Bus/12pTWInk-LI.wav,/Bus/12pTWInk-LI.mp4,300
/Bus/28ft_4MAWkQ.wav,/Bus/28ft_4MAWkQ.mp4,300
/Bus/1N2CRbsSJDs.wav,/Bus/1N2CRbsSJDs.mp4,300
/Bus/1xIoEndn2U4.wav,/Bus/1xIoEndn2U4.mp4,300
/Bus/2Lej8aE00uw.wav,/Bus/2Lej8aE00uw.mp4,300
/Bus/-r8VXRqHpmg.wav,/Bus/-r8VXRqHpmg.mp4,250
/Chainsaw/0wDHmbmKG3g.wav,/Chainsaw/0wDHmbmKG3g.mp4,300
/Chainsaw/48h1ibWL_8c.wav,/Chainsaw/48h1ibWL_8c.mp4,300
/Chainsaw/7bgTxPSZ2-o.wav,/Chainsaw/7bgTxPSZ2-o.mp4,300
/Chainsaw/4v6G5PJkMkY.wav,/Chainsaw/4v6G5PJkMkY.mp4,300
/Chainsaw/5J0IFzqU9-E.wav,/Chainsaw/5J0IFzqU9-E.mp4,300
/Chainsaw/5d0TnzxTgKM.wav,/Chainsaw/5d0TnzxTgKM.mp4,300
/Chainsaw/-9ummbDsgFM.wav,/Chainsaw/-9ummbDsgFM.mp4,300
/Chainsaw/-JFnkRrPLBM.wav,/Chainsaw/-JFnkRrPLBM.mp4,300
/Chainsaw/-HDFlW6kofA.wav,/Chainsaw/-HDFlW6kofA.mp4,300
/Chainsaw/2vqn1vRl-No.wav,/Chainsaw/2vqn1vRl-No.mp4,300
/Chainsaw/-IBinZS3e2I.wav,/Chainsaw/-IBinZS3e2I.mp4,300
/Chainsaw/8YjckYU7TzI.wav,/Chainsaw/8YjckYU7TzI.mp4,250
/Chainsaw/7nnOX-yZ-wE.wav,/Chainsaw/7nnOX-yZ-wE.mp4,300
/Chainsaw/5mKfMbsjeAs.wav,/Chainsaw/5mKfMbsjeAs.mp4,300
/Chainsaw/59svx6RTX6E.wav,/Chainsaw/59svx6RTX6E.mp4,300
/Chainsaw/1FF_PjIL4l4.wav,/Chainsaw/1FF_PjIL4l4.mp4,300
/Cat/0iaK9Evi2_U.wav,/Cat/0iaK9Evi2_U.mp4,240
/Cat/0cH_NlhhMAs.wav,/Cat/0cH_NlhhMAs.mp4,297
/Cat/-vSHHbZKMXg.wav,/Cat/-vSHHbZKMXg.mp4,300
/Cat/-D6DyrLZuQQ.wav,/Cat/-D6DyrLZuQQ.mp4,300
/Cat/-W9N8xqohLA.wav,/Cat/-W9N8xqohLA.mp4,300
/Cat/0kY6vhTc4yE.wav,/Cat/0kY6vhTc4yE.mp4,282
/Horse/2HCu_qeYJr8.wav,/Horse/2HCu_qeYJr8.mp4,300
/Horse/1Bj4gCz6cYs.wav,/Horse/1Bj4gCz6cYs.mp4,300
/Horse/0PZQL-Msz0s.wav,/Horse/0PZQL-Msz0s.mp4,300
/Horse/--I2373YpgM.wav,/Horse/--I2373YpgM.mp4,300
/Horse/2GMcRVbcRlE.wav,/Horse/2GMcRVbcRlE.mp4,240
/Horse/1fPw99TZGoA.wav,/Horse/1fPw99TZGoA.mp4,300
/Toilet/04zOu5UFyo0.wav,/Toilet/04zOu5UFyo0.mp4,300
/Toilet/3FtIudGgafQ.wav,/Toilet/3FtIudGgafQ.mp4,300
/Toilet/0suFvKAWJnU.wav,/Toilet/0suFvKAWJnU.mp4,297
/Toilet/48VL2d-B8qU.wav,/Toilet/48VL2d-B8qU.mp4,300
/Toilet/6iZ5R_J9wKI.wav,/Toilet/6iZ5R_J9wKI.mp4,252
/Toilet/17BnUuWiMbU.wav,/Toilet/17BnUuWiMbU.mp4,300
/Toilet/2MOf0CdgxKE.wav,/Toilet/2MOf0CdgxKE.mp4,300
/Toilet/4yfjPSziK9o.wav,/Toilet/4yfjPSziK9o.mp4,300
/Toilet/7S8eTN2BvtU.wav,/Toilet/7S8eTN2BvtU.mp4,300
/Toilet/1BeiD534Whs.wav,/Toilet/1BeiD534Whs.mp4,300
/Toilet/5YXKWYlR2ac.wav,/Toilet/5YXKWYlR2ac.mp4,300
/Toilet/-2C9ZpNhIvg.wav,/Toilet/-2C9ZpNhIvg.mp4,300
/Toilet/4bDk1x5CMrs.wav,/Toilet/4bDk1x5CMrs.mp4,300
/Toilet/7tJSm5ke3a4.wav,/Toilet/7tJSm5ke3a4.mp4,300
/Toilet/67BsqRkh-dU.wav,/Toilet/67BsqRkh-dU.mp4,300
/Toilet/67GyakZWaFk.wav,/Toilet/67GyakZWaFk.mp4,300
/Toilet/2tLgG0hmUpU.wav,/Toilet/2tLgG0hmUpU.mp4,300
/Toilet/72iyxc7ueU4.wav,/Toilet/72iyxc7ueU4.mp4,250
/Rodent/IhBtYx4iLGo.wav,/Rodent/IhBtYx4iLGo.mp4,300
/Rodent/OpSuHI3sbk0.wav,/Rodent/OpSuHI3sbk0.mp4,300
/Rodent/AdrFi95wthc.wav,/Rodent/AdrFi95wthc.mp4,300
/Rodent/TqDLxzFAqJU.wav,/Rodent/TqDLxzFAqJU.mp4,300
/Rodent/5DgTnYsx4h8.wav,/Rodent/5DgTnYsx4h8.mp4,300
/Rodent/MPoYClwucBo.wav,/Rodent/MPoYClwucBo.mp4,300
/Rodent/9Ih-K4r6_wI.wav,/Rodent/9Ih-K4r6_wI.mp4,300
/Rodent/3S7H4_G4y6U.wav,/Rodent/3S7H4_G4y6U.mp4,200
/Rodent/2VlAviwfpmQ.wav,/Rodent/2VlAviwfpmQ.mp4,300
/Rodent/4Oxt706phPE.wav,/Rodent/4Oxt706phPE.mp4,300
/Accordion/1Hw3xjIJsL8.wav,/Accordion/1Hw3xjIJsL8.mp4,300
/Accordion/5oMbn1p15Y8.wav,/Accordion/5oMbn1p15Y8.mp4,240
/Accordion/2f3Kovv6XRI.wav,/Accordion/2f3Kovv6XRI.mp4,250
/Accordion/3bwwVglEWA0.wav,/Accordion/3bwwVglEWA0.mp4,250
/Accordion/3l4HqVEHCEs.wav,/Accordion/3l4HqVEHCEs.mp4,250
/Accordion/2Lb6weWw8zI.wav,/Accordion/2Lb6weWw8zI.mp4,300
/Accordion/4L__Qg_b6IE.wav,/Accordion/4L__Qg_b6IE.mp4,300
/Accordion/5JXa2-I5sOM.wav,/Accordion/5JXa2-I5sOM.mp4,300
/Accordion/59nR0HbNqqo.wav,/Accordion/59nR0HbNqqo.mp4,300
/Accordion/3HALajB-U3A.wav,/Accordion/3HALajB-U3A.mp4,250
/Accordion/0WoZeAMSMvU.wav,/Accordion/0WoZeAMSMvU.mp4,250
/Accordion/05NnIDWrYT4.wav,/Accordion/05NnIDWrYT4.mp4,250
/Accordion/0_wopBSgNhc.wav,/Accordion/0_wopBSgNhc.mp4,300
/Accordion/27jUPieRDT8.wav,/Accordion/27jUPieRDT8.mp4,300
/Accordion/1NYCiPBzn-E.wav,/Accordion/1NYCiPBzn-E.mp4,240
/Mandolin/1cmo1SGxJnc.wav,/Mandolin/1cmo1SGxJnc.mp4,300
/Mandolin/29u0b2PgRWg.wav,/Mandolin/29u0b2PgRWg.mp4,300
/Mandolin/3IoG53iXgSY.wav,/Mandolin/3IoG53iXgSY.mp4,300
/Mandolin/7M2PNOXFDAI.wav,/Mandolin/7M2PNOXFDAI.mp4,300
/Mandolin/-MtoePIUMdk.wav,/Mandolin/-MtoePIUMdk.mp4,300
/Mandolin/67Ggu0qTBAQ.wav,/Mandolin/67Ggu0qTBAQ.mp4,250
/Mandolin/7cxgLJ1Csy4.wav,/Mandolin/7cxgLJ1Csy4.mp4,300
/Mandolin/-K3qiMrZIfw.wav,/Mandolin/-K3qiMrZIfw.mp4,300
/Mandolin/81-VYLDZTeg.wav,/Mandolin/81-VYLDZTeg.mp4,240
/Mandolin/7ZgzxaPO1Ug.wav,/Mandolin/7ZgzxaPO1Ug.mp4,300
/Mandolin/0f_iTO5t3hU.wav,/Mandolin/0f_iTO5t3hU.mp4,300
/Mandolin/-PE8geTWt-g.wav,/Mandolin/-PE8geTWt-g.mp4,300
/Mandolin/43aE5Z0lSvk.wav,/Mandolin/43aE5Z0lSvk.mp4,300
/Mandolin/5hwzGG2XdBc.wav,/Mandolin/5hwzGG2XdBc.mp4,300
/Mandolin/6SSbFLc-dfE.wav,/Mandolin/6SSbFLc-dfE.mp4,300