/Church_bell/EsfJpLbBeb4.wav, /Aircraft/6a1dJ49KuuM.wav
/Church_bell/hOuyJFqb4JM.wav, /Flute/0-SnwMhYG1k.wav
/Church_bell/XGVkq0Kl2aw.wav, /Shofar/zaSl51J20-o.wav
/Church_bell/cfoJrTWCMeA.wav, /Flute/0P8acnEXs0Q.wav
/Church_bell/7jL_B4oX7xc.wav, /Female/1LzDdG0rn9o.wav
/Church_bell/3Bu43fLiyoM.wav, /Chainsaw/-JFnkRrPLBM.wav
/Church_bell/b_CLr2QHAVA.wav, /Toilet/7S8eTN2BvtU.wav
/Church_bell/Hhqvvc4qu2Y.wav, /Acoustic_guitar/-5lX_xVW5oE.wav
/Church_bell/XR0EgZreEio.wav, /Shofar/SZxC8Y1d27w.wav
/Church_bell/M-fNi-L59Gk.wav, /Acoustic_guitar/--sbZ5YMSm4.wav
/Church_bell/K5AE5C5FUQk.wav, /Bark/Iu25yrsetUM.wav
/Church_bell/ePf6temHLPg.wav, /Flute/-HpCjiutVuE.wav
/Church_bell/-leVhma9zaA.wav, /Truck/-8jVnlHDsso.wav
/Church_bell/aCyWUJkT_5U.wav, /Helicopter/BDDxfr4xf0k.wav
/Church_bell/o-9ZgsfDQnY.wav, /Banjo/4MZ6HsL2eaE.wav
/Church_bell/XK6D6pTotPM.wav, /Motorcycle/-eO7J5kuaUg.wav
/Church_bell/k6SR8d5y6o8.wav, /Ukulele/1y2nPnpYUmc.wav
/Church_bell/ehtav23phEw.wav, /Toilet/4bDk1x5CMrs.wav
/Male/0PRVVZXqqv4.wav, /Acoustic_guitar/-1wShjRIMEI.wav
/Male/-en7GAdXAQk.wav, /Aircraft/8B4pp_c9c0E.wav
/Male/0vJPhb4hqUw.wav, /Clock/OplrWEqbX10.wav
/Male/0NmA9tKpBdw.wav, /Church_bell/K5AE5C5FUQk.wav
/Male/-GL6Sw_U1gk.wav, /Chainsaw/59svx6RTX6E.wav
/Male/16g2BbGnkqw.wav, /Food/2IvlhZhAQXg.wav
/Male/-X4Ir4_DY5E.wav, /Rodent/4Oxt706phPE.wav
/Male/0jr-YC7JdwQ.wav, /Race_car/6XNavva3RYk.wav
/Male/-HJ6gu8nvYI.wav, /Cat/0kY6vhTc4yE.wav
/Male/-KXbozG7cxQ.wav, /Acoustic_guitar/--sbZ5YMSm4.wav
/Male/-0O7GsELcIQ.wav, /Shofar/PRriMdEO23I.wav
/Male/-x1JLdRWdIM.wav, /Food/5DhRsc0Rcjs.wav
/Male/-fLESpwoaCI.wav, /Race_car/5Lksz_pAFx8.wav
/Male/-hr5XT5TOEY.wav, /Aircraft/7iIBkME4bSM.wav
/Male/10oHszPLzGg.wav, /Toilet/4yfjPSziK9o.wav
/Male/-ZpfXjmTrI8.wav, /Bark/ElVlgv58uLI.wav
/Male/0NIIiiFRmhs.wav, /Toilet/-2C9ZpNhIvg.wav
/Bark/88hi2RUL7UE.wav, /Violin/-XUkTaI-mxc.wav
/Bark/41TTeZMRpzs.wav, /Horse/--I2373YpgM.wav
/Bark/C36VKCXQT3c.wav, /Truck/-6TQKeeULa0.wav
/Bark/BXmugBgPWcA.wav, /Acoustic_guitar/-44qKBR8bGQ.wav
/Bark/Iu25yrsetUM.wav, /Aircraft/45Joz4cqbc8.wav
/Bark/McyzwLkySCM.wav, /Toilet/2MOf0CdgxKE.wav
/Bark/47MR-rUOrx4.wav, /Aircraft/8B4pp_c9c0E.wav
/Bark/4dmBaDl584M.wav, /Race_car/7DLmBTAGLmI.wav
/Bark/4dbhc3pklcQ.wav, /Bus/-r8VXRqHpmg.wav
/Bark/Dc8UmmjIAWE.wav, /Female/-5EoTUVneQA.wav
/Bark/FRp2f-WKa7s.wav, /Race_car/6Cg0TkI_GKk.wav
/Bark/ALP8_z817Uw.wav, /Train/2Zctd8ryM9M.wav
/Bark/-BJNMHMZDcU.wav, /Toilet/-2C9ZpNhIvg.wav
/Bark/Baue01N86wE.wav, /Male/-HJ6gu8nvYI.wav
/Bark/9nn7njUNYP8.wav, /Horse/0PZQL-Msz0s.wav
/Bark/LpfewILEuUU.wav, /Race_car/5ppzGZHPIDM.wav
/Bark/ElVlgv58uLI.wav, /Violin/-UYecGJqgBg.wav
/Aircraft/8bpsyzwKMaU.wav, /Acoustic_guitar/-1Fcf1ifAho.wav
/Aircraft/45Joz4cqbc8.wav, /Chainsaw/59svx6RTX6E.wav
/Aircraft/5aJWAISV1UU.wav, /Church_bell/ePf6temHLPg.wav
/Aircraft/5-K1o6veuZI.wav, /Violin/-67UNKFmRLk.wav
/Aircraft/-X7d4l-QEh0.wav, /Train/1hQLr88iCvg.wav
/Aircraft/7iIBkME4bSM.wav, /Flute/-yGno5_ywmA.wav
/Aircraft/6a1dJ49KuuM.wav, /Toilet/2MOf0CdgxKE.wav
/Aircraft/8B4pp_c9c0E.wav, /Male/10oHszPLzGg.wav
/Aircraft/94_vBTqolrY.wav, /Banjo/78xOH_VHip8.wav
/Aircraft/7nGprDHshLY.wav, /Toilet/72iyxc7ueU4.wav
/Aircraft/B2yCH3NGBrU.wav, /Food/02sD1KJeoGA.wav
/Aircraft/7_IIQ0li42M.wav, /Bus/-r8VXRqHpmg.wav
/Aircraft/J4IqYJ_IT3c.wav, /Flute/0-SnwMhYG1k.wav
/Aircraft/7p8PscFO5IQ.wav, /Race_car/-y7tnKy2Kgw.wav
/Aircraft/CWzWbKAR7po.wav, /Train/5NwrPL4p0Co.wav
/Aircraft/KIcnXRsvIe4.wav, /Banjo/4MZ6HsL2eaE.wav
/Aircraft/DQfZnVP5LP0.wav, /Food/5AU-uj5YWqI.wav
/Aircraft/9y1lQfK0CSY.wav, /Motorcycle/0Dt-pH0pW-Y.wav
/Race_car/52al3EPPW2A.wav, /Male/-hr5XT5TOEY.wav
/Race_car/3iQzI1r6Ow4.wav, /Ukulele/0TKdfV2_l1A.wav
/Race_car/1RQpv8AZQYk.wav, /Violin/-PljzzluWNw.wav
/Race_car/5Lksz_pAFx8.wav, /Cat/-D6DyrLZuQQ.wav
/Race_car/-y7tnKy2Kgw.wav, /Train/7_BtnZxpN-I.wav
/Race_car/4AaY8e2SDgE.wav, /Accordion/3bwwVglEWA0.wav
/Race_car/6Cg0TkI_GKk.wav, /Helicopter/6v3UI7HbprE.wav
/Race_car/4LaTWnw4_Z8.wav, /Food/-Owu1H-JG9w.wav
/Race_car/-WOcO4B-Jis.wav, /Toilet/2tLgG0hmUpU.wav
/Race_car/5ppzGZHPIDM.wav, /Clock/CsBXfaWNS84.wav
/Race_car/33fbMHu4nzo.wav, /Baby/2hZ8I2fqG9k.wav
/Race_car/7DLmBTAGLmI.wav, /Shofar/AJXpyRSl0N8.wav
/Race_car/1ElntnVDwas.wav, /Truck/-8jVnlHDsso.wav
/Race_car/6XNavva3RYk.wav, /Mandolin/-K3qiMrZIfw.wav
/Race_car/6d7aULxnMVY.wav, /Toilet/2tLgG0hmUpU.wav
/Race_car/0eUKfO9ZNdM.wav, /Female/1eDacKns0Hk.wav
/Race_car/5xEJrUcH7Gw.wav, /Banjo/2RC9m3ztmBg.wav
/Race_car/1_4SgnRUZoA.wav, /Violin/-tQ_wuruRB4.wav
/Female/10WAJUeI3vo.wav, /Rodent/5DgTnYsx4h8.wav
/Female/-A8vyL66iIU.wav, /Acoustic_guitar/-FU3-n6XvbI.wav
/Female/1PtJ6jckef0.wav, /Ukulele/16cpSo6bBCE.wav
/Female/1BkHCsfaduk.wav, /Accordion/0_wopBSgNhc.wav
/Female/1eDacKns0Hk.wav, /Train/1hQLr88iCvg.wav
/Female/1XMIboVxwTk.wav, /Goat/5eDSROXbHbA.wav
/Female/19oVEEA5G4c.wav, /Chainsaw/48h1ibWL_8c.wav
/Female/1PA-eGzyIhM.wav, /Banjo/0l4rszJ8M9E.wav
/Female/0qvQIuQoODo.wav, /Mandolin/6SSbFLc-dfE.wav
/Female/-Y5nYQIRkJ0.wav, /Church_bell/7jL_B4oX7xc.wav
/Female/1aYj7WHd5RM.wav, /Banjo/1Wad6w0CjXk.wav
/Female/-5EoTUVneQA.wav, /Acoustic_guitar/--vNfjUwxnc.wav
/Female/15OKLCZema8.wav, /Flute/06OMekgtQkM.wav
/Female/-bwf8Sp82iA.wav, /Bark/47MR-rUOrx4.wav
/Female/1LzDdG0rn9o.wav, /Chainsaw/5mKfMbsjeAs.wav
/Female/0dh-PjhhN9U.wav, /Motorcycle/-HmuMoykRqA.wav
/Female/0E6nE2jPiTs.wav, /Race_car/5xEJrUcH7Gw.wav
/Helicopter/7jZmLlZ7Pxo.wav, /Chainsaw/2vqn1vRl-No.wav
/Helicopter/07tRPkQBQRg.wav, /Toilet/2MOf0CdgxKE.wav
/Helicopter/6v3UI7HbprE.wav, /Accordion/0_wopBSgNhc.wav
/Helicopter/4HxIyosr-AM.wav, /Accordion/3l4HqVEHCEs.wav
/Helicopter/43IxB0Hz2RA.wav, /Ukulele/16cpSo6bBCE.wav
/Helicopter/3LqKwILBqKk.wav, /Female/19oVEEA5G4c.wav
/Helicopter/ANAGPl7QZ0k.wav, /Banjo/2oo9XbOXxpQ.wav
/Helicopter/F9-W5ZCxDhs.wav, /Acoustic_guitar/-BEsuk8TTPs.wav
/Helicopter/1vw4LB-D2zo.wav, /Church_bell/K5AE5C5FUQk.wav
/Helicopter/1HOdVz725U0.wav, /Aircraft/-X7d4l-QEh0.wav
/Helicopter/5pac-XjDskw.wav, /Banjo/7LGNvCLyIh0.wav
/Helicopter/7PJ8lktkdHg.wav, /Clock/OplrWEqbX10.wav
/Helicopter/Ery7CcrMD4s.wav, /Flute/2ADAPGLJJzk.wav
/Helicopter/AavEub0hTD8.wav, /Violin/-HA1YY-tfUo.wav
/Helicopter/BDDxfr4xf0k.wav, /Shofar/etUOhOzhZ-c.wav
/Helicopter/9CKK9FTLqRw.wav, /Train/2Zctd8ryM9M.wav
/Helicopter/Fpz0yvhcXBk.wav, /Toilet/2MOf0CdgxKE.wav
/Violin/0Gd5jNxWRTM.wav, /Horse/--I2373YpgM.wav
/Violin/-pyreSm_sQs.wav, /Flute/0BP5R5ADZko.wav
/Violin/-M-J1wStU48.wav, /Food/9GmZFnAJsjE.wav
/Violin/-OuFhaw1uFA.wav, /Race_car/4LaTWnw4_Z8.wav
/Violin/-8t1Nj0WSag.wav, /Toilet/67GyakZWaFk.wav
/Violin/-PljzzluWNw.wav, /Flute/1ECScX5ai4k.wav
/Violin/-skRBLEnyW4.wav, /Toilet/5YXKWYlR2ac.wav
/Violin/-lOf63NuemY.wav, /Flute/03jRqksffAw.wav
/Violin/024vJIboFg4.wav, /Mandolin/-PE8geTWt-g.wav
/Violin/-tQ_wuruRB4.wav, /Toilet/72iyxc7ueU4.wav
/Violin/-HA1YY-tfUo.wav, /Train/79jBK-NLpsM.wav
/Violin/-67UNKFmRLk.wav, /Clock/3tWv_tZWTjs.wav
/Violin/-AVRvAlbRIg.wav, /Bark/Iu25yrsetUM.wav
/Violin/-UYecGJqgBg.wav, /Baby/4EK_G7Kn8yU.wav
/Violin/-XUkTaI-mxc.wav, /Bark/Baue01N86wE.wav
/Violin/-Rr7pnVemdc.wav, /Clock/FuWDfaQjbvs.wav
/Violin/-CaG-H32hMg.wav, /Flute/1sjmFJzDG0o.wav
/Violin/-QR7nHlMqhc.wav, /Accordion/3HALajB-U3A.wav
/Flute/-yGno5_ywmA.wav, /Toilet/1BeiD534Whs.wav
/Flute/0-SnwMhYG1k.wav, /Clock/IJCt1QRXB2c.wav
/Flute/2ADAPGLJJzk.wav, /Train/7_BtnZxpN-I.wav
/Flute/03jRqksffAw.wav, /Acoustic_guitar/-DOcQ2NVnHE.wav
/Flute/1JCAUjzgee8.wav, /Violin/-CaG-H32hMg.wav
/Flute/-HpCjiutVuE.wav, /Aircraft/-X7d4l-QEh0.wav
/Flute/06OMekgtQkM.wav, /Ukulele/1Yha-cJ83vs.wav
/Flute/07uyW4Y3og0.wav, /Bark/88hi2RUL7UE.wav
/Flute/-GK0GKqrr5c.wav, /Food/AiPaclfScPk.wav
/Flute/0gB3liqZO3Y.wav, /Acoustic_guitar/-DWrgPM-NSw.wav
/Flute/0XREe1fQLHY.wav, /Banjo/78xOH_VHip8.wav
/Flute/02rnKVawh0E.wav, /Accordion/5JXa2-I5sOM.wav
/Flute/1ECScX5ai4k.wav, /Rodent/4Oxt706phPE.wav
/Flute/0BP5R5ADZko.wav, /Violin/0Gd5jNxWRTM.wav
/Flute/0P8acnEXs0Q.wav, /Train/7_BtnZxpN-I.wav
/Flute/0gvG0FT2JO4.wav, /Female/1LzDdG0rn9o.wav
/Flute/1sjmFJzDG0o.wav, /Toilet/17BnUuWiMbU.wav
/Ukulele/02ybUyAOt-M.wav, /Toilet/48VL2d-B8qU.wav
/Ukulele/16cpSo6bBCE.wav, /Horse/1Bj4gCz6cYs.wav
/Ukulele/0M1o_44OS74.wav, /Train/-5QrBL6MzLg.wav
/Ukulele/-IT9xQaXudA.wav, /Accordion/59nR0HbNqqo.wav
/Ukulele/0qOweC3BsE0.wav, /Race_car/4LaTWnw4_Z8.wav
/Ukulele/0TKdfV2_l1A.wav, /Bark/41TTeZMRpzs.wav
/Ukulele/1hx6q-hUWzY.wav, /Church_bell/7jL_B4oX7xc.wav
/Ukulele/2hh_VXjk5JY.wav, /Horse/2HCu_qeYJr8.wav
/Ukulele/1eT10fiwAEI.wav, /Bark/9nn7njUNYP8.wav
/Ukulele/1lRBHIMM0A0.wav, /Aircraft/7nGprDHshLY.wav
/Ukulele/215zKW1YIr4.wav, /Church_bell/XK6D6pTotPM.wav
/Ukulele/1f-HZ_QFxdQ.wav, /Flute/02rnKVawh0E.wav
/Ukulele/0OAP5Vq_NQM.wav, /Bark/88hi2RUL7UE.wav
/Ukulele/1y2nPnpYUmc.wav, /Aircraft/5aJWAISV1UU.wav
/Ukulele/1Yha-cJ83vs.wav, /Clock/3tWv_tZWTjs.wav
/Ukulele/-9Icd-D57Yo.wav, /Acoustic_guitar/-44qKBR8bGQ.wav
/Food/9GmZFnAJsjE.wav, /Chainsaw/-HDFlW6kofA.wav
/Food/7n4LwRcCA6I.wav, /Helicopter/ANAGPl7QZ0k.wav
/Food/8HbKrFYTWI4.wav, /Banjo/-fJyZgz9uvc.wav
/Food/7ZTBswMDOW0.wav, /Mandolin/43aE5Z0lSvk.wav
/Food/5DhRsc0Rcjs.wav, /Clock/45Fs-dHFwpQ.wav
/Food/4gZQO_9-HPI.wav, /Bark/88hi2RUL7UE.wav
/Food/2u1uhPJjG0E.wav, /Acoustic_guitar/-DWrgPM-NSw.wav
/Food/AiPaclfScPk.wav, /Mandolin/6SSbFLc-dfE.wav
/Food/5AU-uj5YWqI.wav, /Race_car/1ElntnVDwas.wav
/Food/-Owu1H-JG9w.wav, /Mandolin/-PE8geTWt-g.wav
/Food/0eTnDw0z8MQ.wav, /Toilet/3FtIudGgafQ.wav
/Food/3e85HcbgUu4.wav, /Banjo/0VFJ5fVLe_A.wav
/Food/1N2Qke7eo9k.wav, /Church_bell/K5AE5C5FUQk.wav
/Food/0rrQS9Nt48s.wav, /Truck/-XeZTbdHjHI.wav
/Food/02sD1KJeoGA.wav, /Violin/-HA1YY-tfUo.wav
/Food/5wejTnHEa9c.wav, /Bark/LpfewILEuUU.wav
/Food/2IvlhZhAQXg.wav, /Goat/7lLbVG85YcE.wav
/Food/5jGW04-qCqA.wav, /Ukulele/1eT10fiwAEI.wav
/Truck/-AVzYvKHwPg.wav, /Helicopter/9CKK9FTLqRw.wav
/Truck/-6TQKeeULa0.wav, /Male/-KXbozG7cxQ.wav
/Truck/-X0vNLwH1C0.wav, /Race_car/1ElntnVDwas.wav
/Truck/-DXUMMSmd-A.wav, /Helicopter/BDDxfr4xf0k.wav
/Truck/-fU6g_dGmAU.wav, /Violin/0Gd5jNxWRTM.wav
/Truck/-XeZTbdHjHI.wav, /Mandolin/7M2PNOXFDAI.wav
/Truck/-XLSWr8TIAQ.wav, /Aircraft/8B4pp_c9c0E.wav
/Truck/-g3TklnBeGQ.wav, /Cat/0cH_NlhhMAs.wav
/Truck/-G69HG5BGNo.wav, /Banjo/0d4LVcuLR6c.wav
/Truck/-8jVnlHDsso.wav, /Banjo/2vJ4gKp_sag.wav
/Truck/-BXMX3yEPto.wav, /Toilet/7tJSm5ke3a4.wav
/Truck/-GYwMQJmQEo.wav, /Race_car/0eUKfO9ZNdM.wav
/Truck/-IKMo9-20Zc.wav, /Ukulele/16cpSo6bBCE.wav
/Shofar/JcR5RqymM_8.wav, /Helicopter/1vw4LB-D2zo.wav
/Shofar/SZxC8Y1d27w.wav, /Train/2LLmf6lEvX8.wav
/Shofar/1mJRKAD0O-M.wav, /Motorcycle/-eO7J5kuaUg.wav
/Shofar/ddU9u9pBszc.wav, /Flute/06OMekgtQkM.wav
/Shofar/PRriMdEO23I.wav, /Helicopter/43IxB0Hz2RA.wav
/Shofar/zaSl51J20-o.wav, /Bark/McyzwLkySCM.wav
/Shofar/etUOhOzhZ-c.wav, /Helicopter/9CKK9FTLqRw.wav
/Shofar/AJXpyRSl0N8.wav, /Male/-ZpfXjmTrI8.wav
/Shofar/NLuzDn-xrgQ.wav, /Food/3e85HcbgUu4.wav
/Shofar/S1RCREycn4s.wav, /Horse/2HCu_qeYJr8.wav
/Motorcycle/-yJF5hr0j2E.wav, /Accordion/0WoZeAMSMvU.wav
/Motorcycle/-jXKNLiTd4k.wav, /Clock/45Fs-dHFwpQ.wav
/Motorcycle/1E45OfstoFo.wav, /Baby/29btFLxZNs4.wav
/Motorcycle/-eO7J5kuaUg.wav, /Acoustic_guitar/-FIGpCo9VoM.wav
/Motorcycle/0Dt-pH0pW-Y.wav, /Horse/0PZQL-Msz0s.wav
/Motorcycle/-HmuMoykRqA.wav, /Banjo/7LGNvCLyIh0.wav
/Motorcycle/0VonGBmATx8.wav, /Female/1aYj7WHd5RM.wav
/Motorcycle/1PV6TCRQTok.wav, /Bark/9nn7njUNYP8.wav
/Motorcycle/05c_JwurbrU.wav, /Clock/T192PyU-mko.wav
/Acoustic_guitar/--sbZ5YMSm4.wav, /Banjo/1Wad6w0CjXk.wav
/Acoustic_guitar/-FU3-n6XvbI.wav, /Bus/12pTWInk-LI.wav
/Acoustic_guitar/-1v35Pyt2v8.wav, /Truck/-G69HG5BGNo.wav
/Acoustic_guitar/-1Fcf1ifAho.wav, /Helicopter/43IxB0Hz2RA.wav
/Acoustic_guitar/-44qKBR8bGQ.wav, /Ukulele/1f-HZ_QFxdQ.wav
/Acoustic_guitar/-DOcQ2NVnHE.wav, /Aircraft/7iIBkME4bSM.wav
/Acoustic_guitar/-6yqaqO4Jco.wav, /Toilet/1BeiD534Whs.wav
/Acoustic_guitar/-2ojh56BlSQ.wav, /Rodent/4Oxt706phPE.wav
/Acoustic_guitar/-E7Q8Z2w5pA.wav, /Accordion/1Hw3xjIJsL8.wav
/Acoustic_guitar/-7bvjkedz-Q.wav, /Clock/2jkFn9zX8GY.wav
/Acoustic_guitar/--vNfjUwxnc.wav, /Shofar/NLuzDn-xrgQ.wav
/Acoustic_guitar/-660yf6Dwb0.wav, /Race_car/5xEJrUcH7Gw.wav
/Acoustic_guitar/-DWrgPM-NSw.wav, /Accordion/59nR0HbNqqo.wav
/Acoustic_guitar/-FIGpCo9VoM.wav, /Truck/-fU6g_dGmAU.wav
/Acoustic_guitar/-BEsuk8TTPs.wav, /Food/1N2Qke7eo9k.wav
/Acoustic_guitar/-9_5_2i4igQ.wav, /Violin/-Rr7pnVemdc.wav
/Acoustic_guitar/-5lX_xVW5oE.wav, /Toilet/6iZ5R_J9wKI.wav
/Acoustic_guitar/-1wShjRIMEI.wav, /Race_car/3iQzI1r6Ow4.wav
/Train/6NAcuyS_vjs.wav, /Horse/1fPw99TZGoA.wav
/Train/3O8GirGuUL4.wav, /Rodent/OpSuHI3sbk0.wav
/Train/-5QrBL6MzLg.wav, /Bark/FRp2f-WKa7s.wav
/Train/2ubvf7fB5co.wav, /Violin/-tQ_wuruRB4.wav
/Train/0_eJQ3UbQ1U.wav, /Race_car/52al3EPPW2A.wav
/Train/5NwrPL4p0Co.wav, /Helicopter/6v3UI7HbprE.wav
/Train/6Q7JIacR29o.wav, /Aircraft/KIcnXRsvIe4.wav
/Train/1hQLr88iCvg.wav, /Bark/LpfewILEuUU.wav
/Train/2LLmf6lEvX8.wav, /Female/-bwf8Sp82iA.wav
/Train/1VVcSXcb51o.wav, /Motorcycle/-HmuMoykRqA.wav
/Train/6Rv0x3NewpY.wav, /Bus/1N2CRbsSJDs.wav
/Train/7_BtnZxpN-I.wav, /Truck/-XLSWr8TIAQ.wav
/Train/79jBK-NLpsM.wav, /Helicopter/4HxIyosr-AM.wav
/Train/2Zctd8ryM9M.wav, /Bark/4dbhc3pklcQ.wav
/Train/59y9J_MBC_Y.wav, /Church_bell/M-fNi-L59Gk.wav
/Train/52giNcwzggo.wav, /Race_car/1ElntnVDwas.wav
/Train/5DYvxX5j27w.wav, /Female/-A8vyL66iIU.wav
/Clock/2vBIH5rfxV4.wav, /Goat/1SMerEFcw_E.wav
/Clock/IJCt1QRXB2c.wav, /Male/0NmA9tKpBdw.wav
/Clock/CsBXfaWNS84.wav, /Helicopter/6v3UI7HbprE.wav
/Clock/2uOqzDrthyA.wav, /Helicopter/Ery7CcrMD4s.wav
/Clock/9uJbrJ15FdM.wav, /Violin/-CaG-H32hMg.wav
/Clock/AHFXM8T-hx0.wav, /Shofar/NLuzDn-xrgQ.wav
/Clock/2jkFn9zX8GY.wav, /Food/5jGW04-qCqA.wav
/Clock/3tWv_tZWTjs.wav, /Shofar/S1RCREycn4s.wav
/Clock/OplrWEqbX10.wav, /Train/5DYvxX5j27w.wav
/Clock/4SewzEbAkgs.wav, /Train/1hQLr88iCvg.wav
/Clock/T192PyU-mko.wav, /Motorcycle/-yJF5hr0j2E.wav
/Clock/FuWDfaQjbvs.wav, /Banjo/3D6DZfMIfcU.wav
/Clock/RoIS0PkFCPo.wav, /Shofar/etUOhOzhZ-c.wav
/Clock/DwL4s6GZNzg.wav, /Bark/FRp2f-WKa7s.wav
/Clock/IO_KCzzaV9Y.wav, /Mandolin/1cmo1SGxJnc.wav
/Clock/45Fs-dHFwpQ.wav, /Helicopter/F9-W5ZCxDhs.wav
/Banjo/2RC9m3ztmBg.wav, /Shofar/S1RCREycn4s.wav
/Banjo/4MZ6HsL2eaE.wav, /Bark/-BJNMHMZDcU.wav
/Banjo/2vJ4gKp_sag.wav, /Toilet/3FtIudGgafQ.wav
/Banjo/4-AQAJIOLuM.wav, /Helicopter/7PJ8lktkdHg.wav
/Banjo/1Wad6w0CjXk.wav, /Race_car/0eUKfO9ZNdM.wav
/Banjo/3gScc4I0l2Q.wav, /Chainsaw/7bgTxPSZ2-o.wav
/Banjo/78xOH_VHip8.wav, /Male/-hr5XT5TOEY.wav
/Banjo/7LGNvCLyIh0.wav, /Baby/0D5CBzE1trY.wav
/Banjo/3D6DZfMIfcU.wav, /Train/3O8GirGuUL4.wav
/Banjo/-fJyZgz9uvc.wav, /Ukulele/1f-HZ_QFxdQ.wav
/Banjo/2oo9XbOXxpQ.wav, /Race_car/-WOcO4B-Jis.wav
/Banjo/0d4LVcuLR6c.wav, /Violin/-skRBLEnyW4.wav
/Banjo/3DNK6BxlnyQ.wav, /Chainsaw/1FF_PjIL4l4.wav
/Banjo/2FV62F09ICM.wav, /Aircraft/8bpsyzwKMaU.wav
/Banjo/4wIzbiihgE4.wav, /Accordion/3bwwVglEWA0.wav
/Banjo/0VFJ5fVLe_A.wav, /Food/4gZQO_9-HPI.wav
/Banjo/-9xKC8r1Ww0.wav, /Flute/-yGno5_ywmA.wav
/Banjo/0l4rszJ8M9E.wav, /Flute/0gB3liqZO3Y.wav
/Goat/95BBXTWKR4U.wav, /Food/7ZTBswMDOW0.wav
/Goat/6KjK4KUKm0U.wav, /Food/1N2Qke7eo9k.wav
/Goat/73zZ8qsYftM.wav, /Chainsaw/-9ummbDsgFM.wav
/Goat/8PFRw4AgcjM.wav, /Helicopter/Fpz0yvhcXBk.wav
/Goat/8xTIvAitUsw.wav, /Flute/0gB3liqZO3Y.wav
/Goat/0Kmngfi6USI.wav, /Ukulele/215zKW1YIr4.wav
/Goat/-GecFRVdJ58.wav, /Toilet/4yfjPSziK9o.wav
/Goat/7lLbVG85YcE.wav, /Food/5AU-uj5YWqI.wav
/Goat/1SMerEFcw_E.wav, /Flute/0P8acnEXs0Q.wav
/Goat/5eDSROXbHbA.wav, /Food/02sD1KJeoGA.wav
/Baby/29btFLxZNs4.wav, /Clock/IO_KCzzaV9Y.wav
/Baby/2ULEIoRKW_Q.wav, /Food/5wejTnHEa9c.wav
/Baby/2hZ8I2fqG9k.wav, /Church_bell/EsfJpLbBeb4.wav
/Baby/2gZWXqZK18E.wav, /Acoustic_guitar/-5lX_xVW5oE.wav
/Baby/0D5CBzE1trY.wav, /Horse/0PZQL-Msz0s.wav
/Baby/4EK_G7Kn8yU.wav, /Flute/1ECScX5ai4k.wav
/Baby/2NO6vZMwCe0.wav, /Cat/0kY6vhTc4yE.wav
/Baby/4V3TFiHFqDc.wav, /Mandolin/7cxgLJ1Csy4.wav
/Bus/12pTWInk-LI.wav, /Horse/2HCu_qeYJr8.wav
/Bus/28ft_4MAWkQ.wav, /Food/7n4LwRcCA6I.wav
/Bus/1N2CRbsSJDs.wav, /Mandolin/5hwzGG2XdBc.wav
/Bus/1xIoEndn2U4.wav, /Food/2IvlhZhAQXg.wav
/Bus/2Lej8aE00uw.wav, /Banjo/2vJ4gKp_sag.wav
/Bus/-r8VXRqHpmg.wav, /Flute/1JCAUjzgee8.wav
/Chainsaw/0wDHmbmKG3g.wav, /Bark/McyzwLkySCM.wav
/Chainsaw/48h1ibWL_8c.wav, /Female/0qvQIuQoODo.wav
/Chainsaw/7bgTxPSZ2-o.wav, /Female/15OKLCZema8.wav
/Chainsaw/4v6G5PJkMkY.wav, /Banjo/3gScc4I0l2Q.wav
/Chainsaw/5J0IFzqU9-E.wav, /Shofar/zaSl51J20-o.wav
/Chainsaw/5d0TnzxTgKM.wav, /Violin/-XUkTaI-mxc.wav
/Chainsaw/-9ummbDsgFM.wav, /Accordion/1NYCiPBzn-E.wav
/Chainsaw/-JFnkRrPLBM.wav, /Violin/-HA1YY-tfUo.wav
/Chainsaw/-HDFlW6kofA.wav, /Horse/2HCu_qeYJr8.wav
/Chainsaw/2vqn1vRl-No.wav, /Truck/-XLSWr8TIAQ.wav
/Chainsaw/-IBinZS3e2I.wav, /Flute/0gB3liqZO3Y.wav
/Chainsaw/8YjckYU7TzI.wav, /Female/0dh-PjhhN9U.wav
/Chainsaw/7nnOX-yZ-wE.wav, /Male/-hr5XT5TOEY.wav
/Chainsaw/5mKfMbsjeAs.wav, /Race_car/5ppzGZHPIDM.wav
/Chainsaw/59svx6RTX6E.wav, /Train/-5QrBL6MzLg.wav
/Chainsaw/1FF_PjIL4l4.wav, /Toilet/4yfjPSziK9o.wav
/Cat/0iaK9Evi2_U.wav, /Aircraft/8B4pp_c9c0E.wav
/Cat/0cH_NlhhMAs.wav, /Bus/2Lej8aE00uw.wav
/Cat/-vSHHbZKMXg.wav, /Male/0NIIiiFRmhs.wav
/Cat/-D6DyrLZuQQ.wav, /Bark/-BJNMHMZDcU.wav
/Cat/-W9N8xqohLA.wav, /Food/7ZTBswMDOW0.wav
/Cat/0kY6vhTc4yE.wav, /Violin/-PljzzluWNw.wav
/Horse/2HCu_qeYJr8.wav, /Ukulele/1Yha-cJ83vs.wav
/Horse/1Bj4gCz6cYs.wav, /Ukulele/0TKdfV2_l1A.wav
/Horse/0PZQL-Msz0s.wav, /Bark/ALP8_z817Uw.wav
/Horse/--I2373YpgM.wav, /Toilet/1BeiD534Whs.wav
/Horse/2GMcRVbcRlE.wav, /Accordion/1NYCiPBzn-E.wav
/Horse/1fPw99TZGoA.wav, /Violin/0Gd5jNxWRTM.wav
/Toilet/04zOu5UFyo0.wav, /Flute/07uyW4Y3og0.wav
/Toilet/3FtIudGgafQ.wav, /Goat/6KjK4KUKm0U.wav
/Toilet/0suFvKAWJnU.wav, /Accordion/3l4HqVEHCEs.wav
/Toilet/48VL2d-B8qU.wav, /Church_bell/7jL_B4oX7xc.wav
/Toilet/6iZ5R_J9wKI.wav, /Truck/-8jVnlHDsso.wav
/Toilet/17BnUuWiMbU.wav, /Bark/47MR-rUOrx4.wav
/Toilet/2MOf0CdgxKE.wav, /Ukulele/1y2nPnpYUmc.wav
/Toilet/4yfjPSziK9o.wav, /Male/0vJPhb4hqUw.wav
/Toilet/7S8eTN2BvtU.wav, /Church_bell/-leVhma9zaA.wav
/Toilet/1BeiD534Whs.wav, /Race_car/5ppzGZHPIDM.wav
/Toilet/5YXKWYlR2ac.wav, /Aircraft/5-K1o6veuZI.wav
/Toilet/-2C9ZpNhIvg.wav, /Church_bell/XR0EgZreEio.wav
/Toilet/4bDk1x5CMrs.wav, /Bark/ElVlgv58uLI.wav
/Toilet/7tJSm5ke3a4.wav, /Mandolin/-MtoePIUMdk.wav
/Toilet/67BsqRkh-dU.wav, /Acoustic_guitar/-DOcQ2NVnHE.wav
/Toilet/67GyakZWaFk.wav, /Baby/4EK_G7Kn8yU.wav
/Toilet/2tLgG0hmUpU.wav, /Chainsaw/48h1ibWL_8c.wav
/Toilet/72iyxc7ueU4.wav, /Acoustic_guitar/-44qKBR8bGQ.wav
/Rodent/IhBtYx4iLGo.wav, /Flute/0P8acnEXs0Q.wav
/Rodent/OpSuHI3sbk0.wav, /Violin/-PljzzluWNw.wav
/Rodent/AdrFi95wthc.wav, /Clock/4SewzEbAkgs.wav
/Rodent/TqDLxzFAqJU.wav, /Mandolin/6SSbFLc-dfE.wav
/Rodent/5DgTnYsx4h8.wav, /Chainsaw/-JFnkRrPLBM.wav
/Rodent/MPoYClwucBo.wav, /Acoustic_guitar/-7bvjkedz-Q.wav
/Rodent/9Ih-K4r6_wI.wav, /Aircraft/7_IIQ0li42M.wav
/Rodent/3S7H4_G4y6U.wav, /Toilet/67GyakZWaFk.wav
/Rodent/2VlAviwfpmQ.wav, /Train/6NAcuyS_vjs.wav
/Rodent/4Oxt706phPE.wav, /Baby/2hZ8I2fqG9k.wav
/Accordion/1Hw3xjIJsL8.wav, /Race_car/3iQzI1r6Ow4.wav
/Accordion/5oMbn1p15Y8.wav, /Male/-en7GAdXAQk.wav
/Accordion/2f3Kovv6XRI.wav, /Flute/02rnKVawh0E.wav
/Accordion/3bwwVglEWA0.wav, /Bark/McyzwLkySCM.wav
/Accordion/3l4HqVEHCEs.wav, /Truck/-8jVnlHDsso.wav
/Accordion/2Lb6weWw8zI.wav, /Flute/0XREe1fQLHY.wav
/Accordion/4L__Qg_b6IE.wav, /Flute/0gvG0FT2JO4.wav
/Accordion/5JXa2-I5sOM.wav, /Church_bell/7jL_B4oX7xc.wav
/Accordion/59nR0HbNqqo.wav, /Bark/47MR-rUOrx4.wav
/Accordion/3HALajB-U3A.wav, /Goat/95BBXTWKR4U.wav
/Accordion/0WoZeAMSMvU.wav, /Chainsaw/-IBinZS3e2I.wav
/Accordion/05NnIDWrYT4.wav, /Male/16g2BbGnkqw.wav
/Accordion/0_wopBSgNhc.wav, /Train/2Zctd8ryM9M.wav
/Accordion/27jUPieRDT8.wav, /Male/0NIIiiFRmhs.wav
/Accordion/1NYCiPBzn-E.wav, /Train/5DYvxX5j27w.wav
/Mandolin/1cmo1SGxJnc.wav, /Race_car/6d7aULxnMVY.wav
/Mandolin/29u0b2PgRWg.wav, /Clock/CsBXfaWNS84.wav
/Mandolin/3IoG53iXgSY.wav, /Train/59y9J_MBC_Y.wav
/Mandolin/7M2PNOXFDAI.wav, /Cat/-W9N8xqohLA.wav
/Mandolin/-MtoePIUMdk.wav, /Chainsaw/59svx6RTX6E.wav
/Mandolin/67Ggu0qTBAQ.wav, /Bark/LpfewILEuUU.wav
/Mandolin/7cxgLJ1Csy4.wav, /Toilet/67BsqRkh-dU.wav
/Mandolin/-K3qiMrZIfw.wav, /Flute/1sjmFJzDG0o.wav
/Mandolin/81-VYLDZTeg.wav, /Food/5DhRsc0Rcjs.wav
/Mandolin/7ZgzxaPO1Ug.wav, /Ukulele/1y2nPnpYUmc.wav
/Mandolin/0f_iTO5t3hU.wav, /Female/0dh-PjhhN9U.wav
/Mandolin/-PE8geTWt-g.wav, /Food/4gZQO_9-HPI.wav
/Mandolin/43aE5Z0lSvk.wav, /Acoustic_guitar/-DOcQ2NVnHE.wav
/Mandolin/5hwzGG2XdBc.wav, /Accordion/3bwwVglEWA0.wav
/Mandolin/6SSbFLc-dfE.wav, /Shofar/ddU9u9pBszc.wav