/flute/kbTy_5o6AB4.wav,/flute/kbTy_5o6AB4.mp4,122
/flute/3-zT9mN8Lio.wav,/flute/3-zT9mN8Lio.mp4,65
/acoustic_guitar/S2IWw6z-cfc.wav,/acoustic_guitar/S2IWw6z-cfc.mp4,206
/accordion/t_3Zm1PbydA.wav,/accordion/t_3Zm1PbydA.mp4,236
/accordion/QaOUijKCqZU.wav,/accordion/QaOUijKCqZU.mp4,122
/xylophone/5lm9laLSORc.wav,/xylophone/5lm9laLSORc.mp4,183
/erhu/2D2ALfuqDpk.wav,/erhu/2D2ALfuqDpk.mp4,87
/violin/yXKJiqOuvkA.wav,/violin/yXKJiqOuvkA.mp4,143
/erhu/TWrh_c9YRp8.wav,/erhu/TWrh_c9YRp8.mp4,142
/tuba/4lVuJEIaXgo.wav,/tuba/4lVuJEIaXgo.mp4,63
/violin/6uqTP6obYNM.wav,/violin/6uqTP6obYNM.mp4,58
/tuba/VA1EolcDwZI.wav,/tuba/VA1EolcDwZI.mp4,81
/saxophone/5_NsbkyLO2Q.wav,/saxophone/5_NsbkyLO2Q.mp4,221
/cello/2ARPm0djKIk.wav,/cello/2ARPm0djKIk.mp4,221
/cello/-Gdh8N_KpLY.wav,/cello/-Gdh8N_KpLY.mp4,211
/violin/85KcVDCQLfc.wav,/violin/85KcVDCQLfc.mp4,161
/violin/K1LRscO7TSw.wav,/violin/K1LRscO7TSw.mp4,197
/clarinet/GKwO7cy2JIA.wav,/clarinet/GKwO7cy2JIA.mp4,137
/clarinet/WnUAJsk97k4.wav,/clarinet/WnUAJsk97k4.mp4,129
/trumpet/I2QXo4mGeRE.wav,/trumpet/I2QXo4mGeRE.mp4,28
/trumpet/eCQO6k5Qrmg.wav,/trumpet/eCQO6k5Qrmg.mp4,65
/clarinet/EXKxvMVayRk.wav,/clarinet/EXKxvMVayRk.mp4,94
/erhu/0VyVd_QUCl8.wav,/erhu/0VyVd_QUCl8.mp4,147
/acoustic_guitar/Pzf9MQKkoNM.wav,/acoustic_guitar/Pzf9MQKkoNM.mp4,140
/violin/X2hHGcwLPhs.wav,/violin/X2hHGcwLPhs.mp4,93