/clarinet/D6YQ6WwWZrk.wav,/clarinet/D6YQ6WwWZrk.mp4,87
/tuba/YtOvrQNMkY0.wav,/tuba/YtOvrQNMkY0.mp4,21
/cello/EtP6JBWtd7s.wav,/cello/EtP6JBWtd7s.mp4,187
/flute/E7E1kMExVcg.wav,/flute/E7E1kMExVcg.mp4,95
/accordion/XZ1rUpbdu-Y.wav,/accordion/XZ1rUpbdu-Y.mp4,54
/violin/KG-tXicVpsg.wav,/violin/KG-tXicVpsg.mp4,169
/tuba/NDVxjRCWjYU.wav,/tuba/NDVxjRCWjYU.mp4,210
/clarinet/P5nnnybNQ_o.wav,/clarinet/P5nnnybNQ_o.mp4,92
/clarinet/LPqBkF5NVSQ.wav,/clarinet/LPqBkF5NVSQ.mp4,136
/xylophone/5lm9laLSORc.wav,/xylophone/5lm9laLSORc.mp4,183
/tuba/UNFwNbFdiTI.wav,/tuba/UNFwNbFdiTI.mp4,90
/acoustic_guitar/PY3pK0Guf2Y.wav,/acoustic_guitar/PY3pK0Guf2Y.mp4,77
/cello/ZcKsPFZG4_0.wav,/cello/ZcKsPFZG4_0.mp4,138
/tuba/1rcU3mH1VVA.wav,/tuba/1rcU3mH1VVA.mp4,85
/acoustic_guitar/YwDABKyGY_g.wav,/acoustic_guitar/YwDABKyGY_g.mp4,94
/tuba/1owUN7YXSzE.wav,/tuba/1owUN7YXSzE.mp4,87
/accordion/nQpXK7PS-oo.wav,/accordion/nQpXK7PS-oo.mp4,77
/accordion/9okuB-rub8c.wav,/accordion/9okuB-rub8c.mp4,52
/violin/CaeZoHNHul0.wav,/violin/CaeZoHNHul0.mp4,176
/erhu/PFX2WTY9gWI.wav,/erhu/PFX2WTY9gWI.mp4,113
/violin/l7LptHCRkQU.wav,/violin/l7LptHCRkQU.mp4,223
/cello/QZEkGj9m1qs.wav,/cello/QZEkGj9m1qs.mp4,98
/saxophone/9XoXQXCVUQY.wav,/saxophone/9XoXQXCVUQY.mp4,65
/acoustic_guitar/CeOAuSm1NUo.wav,/acoustic_guitar/CeOAuSm1NUo.mp4,188
/trumpet/zJIt_KdE3Jc.wav,/trumpet/zJIt_KdE3Jc.mp4,44
/acoustic_guitar/Pzf9MQKkoNM.wav,/acoustic_guitar/Pzf9MQKkoNM.mp4,140
/clarinet/cZ9-NYYmhXw.wav,/clarinet/cZ9-NYYmhXw.mp4,181
/tuba/C3s60zFIPTs.wav,/tuba/C3s60zFIPTs.mp4,168
/tuba/GSol2w0QnJE.wav,/tuba/GSol2w0QnJE.mp4,59
/accordion/kCMA0wi7i6Y.wav,/accordion/kCMA0wi7i6Y.mp4,134
/acoustic_guitar/ZeQPNWdFs_4.wav,/acoustic_guitar/ZeQPNWdFs_4.mp4,212
/saxophone/8U4tYnLtuzk.wav,/saxophone/8U4tYnLtuzk.mp4,166
/violin/9g20WQ0WHn0.wav,/violin/9g20WQ0WHn0.mp4,113
/erhu/AOAE4euXbEc.wav,/erhu/AOAE4euXbEc.mp4,153
/erhu/3XAn8BHmtKg.wav,/erhu/3XAn8BHmtKg.mp4,183
/erhu/SVZNEDEIK48.wav,/erhu/SVZNEDEIK48.mp4,75
/xylophone/fhf2cx9t4vY.wav,/xylophone/fhf2cx9t4vY.mp4,23
/tuba/-X4loU7hcpw.wav,/tuba/-X4loU7hcpw.mp4,46
/acoustic_guitar/At63FPRHLAo.wav,/acoustic_guitar/At63FPRHLAo.mp4,221
/erhu/31GOxPXDNkk.wav,/erhu/31GOxPXDNkk.mp4,95
/acoustic_guitar/MhNjhYrEbrc.wav,/acoustic_guitar/MhNjhYrEbrc.mp4,188
/accordion/6hQHOZNwfRs.wav,/accordion/6hQHOZNwfRs.mp4,165
/acoustic_guitar/DeQHA0xP2zk.wav,/acoustic_guitar/DeQHA0xP2zk.mp4,206
/accordion/Oytzh19NE6w.wav,/accordion/Oytzh19NE6w.mp4,180
/trumpet/ZFp0yw9Dxcw.wav,/trumpet/ZFp0yw9Dxcw.mp4,39
/accordion/UKk9DJD1jOo.wav,/accordion/UKk9DJD1jOo.mp4,149
/erhu/REiXxfSu3Fw.wav,/erhu/REiXxfSu3Fw.mp4,149
/acoustic_guitar/44FPny8k4DM.wav,/acoustic_guitar/44FPny8k4DM.mp4,239
/erhu/3n-vlswrQYM.wav,/erhu/3n-vlswrQYM.mp4,42
/acoustic_guitar/_IcBMTI8PEQ.wav,/acoustic_guitar/_IcBMTI8PEQ.mp4,184
/acoustic_guitar/9bEbuj4Qb3I.wav,/acoustic_guitar/9bEbuj4Qb3I.mp4,88
/violin/10RkjPIguAY.wav,/violin/10RkjPIguAY.mp4,142
/accordion/9tiymgwLnKE.wav,/accordion/9tiymgwLnKE.mp4,140
/accordion/PohzBumrY2Q.wav,/accordion/PohzBumrY2Q.mp4,202
/flute/YR6kjiPyNHU.wav,/flute/YR6kjiPyNHU.mp4,159
/trumpet/iqyw0xR5Wf0.wav,/trumpet/iqyw0xR5Wf0.mp4,122
/acoustic_guitar/TzbeCt4_LFc.wav,/acoustic_guitar/TzbeCt4_LFc.mp4,217
/cello/Mh2tJbJiWQQ.wav,/cello/Mh2tJbJiWQQ.mp4,185
/erhu/-7l7M6vMm1k.wav,/erhu/-7l7M6vMm1k.mp4,92
/violin/TOLoplXKr7U.wav,/violin/TOLoplXKr7U.mp4,138
/tuba/ALMOnRonTPM.wav,/tuba/ALMOnRonTPM.mp4,26
/acoustic_guitar/HaX5E66eW24.wav,/acoustic_guitar/HaX5E66eW24.mp4,162
/acoustic_guitar/26HLgXWF-Co.wav,/acoustic_guitar/26HLgXWF-Co.mp4,160
/tuba/2tG4y_uyEAY.wav,/tuba/2tG4y_uyEAY.mp4,66
/cello/FcO9w1mYEEs.wav,/cello/FcO9w1mYEEs.mp4,207
/erhu/AlYZ7nWkzcQ.wav,/erhu/AlYZ7nWkzcQ.mp4,44
/trumpet/zhaLSfnahL0.wav,/trumpet/zhaLSfnahL0.mp4,61
/cello/XI7Fx7rJt4I.wav,/cello/XI7Fx7rJt4I.mp4,63
/cello/19CdPaHrVPQ.wav,/cello/19CdPaHrVPQ.mp4,186
/flute/wEzEcfz1QS0.wav,/flute/wEzEcfz1QS0.mp4,169
/accordion/oOCHF3GgKLs.wav,/accordion/oOCHF3GgKLs.mp4,180
/acoustic_guitar/ZvLT_J9Uv4o.wav,/acoustic_guitar/ZvLT_J9Uv4o.mp4,67
/violin/-UoFXtE2eqk.wav,/violin/-UoFXtE2eqk.mp4,237
/trumpet/S3G9BjzPKXo.wav,/trumpet/S3G9BjzPKXo.mp4,44
/tuba/JRPtROMynA8.wav,/tuba/JRPtROMynA8.mp4,64
/erhu/MJgy2-QJxmE.wav,/erhu/MJgy2-QJxmE.mp4,46
/flute/BO7_8o4QSr4.wav,/flute/BO7_8o4QSr4.mp4,40
/cello/NhkPpOvrtz0.wav,/cello/NhkPpOvrtz0.mp4,148
/saxophone/uPkGEtn5jxE.wav,/saxophone/uPkGEtn5jxE.mp4,188
/trumpet/-dGfOlFsY20.wav,/trumpet/-dGfOlFsY20.mp4,68
/accordion/4jGq3kfsJpg.wav,/accordion/4jGq3kfsJpg.mp4,60
/acoustic_guitar/ZANyOBEWiJA.wav,/acoustic_guitar/ZANyOBEWiJA.mp4,199
/xylophone/GezwOJW568A.wav,/xylophone/GezwOJW568A.mp4,32
/acoustic_guitar/X4UWEifacwI.wav,/acoustic_guitar/X4UWEifacwI.mp4,225
/accordion/YhwsPeOGnGg.wav,/accordion/YhwsPeOGnGg.mp4,118
/flute/GouIcBwgP_U.wav,/flute/GouIcBwgP_U.mp4,180
/erhu/CtrTfd8foxA.wav,/erhu/CtrTfd8foxA.mp4,58
/cello/U2s_4d0ZLT8.wav,/cello/U2s_4d0ZLT8.mp4,187
/cello/B22eZY1PESY.wav,/cello/B22eZY1PESY.mp4,207
/acoustic_guitar/8rcClHLysvU.wav,/acoustic_guitar/8rcClHLysvU.mp4,155
/cello/D1DjJqqK5Rw.wav,/cello/D1DjJqqK5Rw.mp4,240
/cello/Lq3671NhNZk.wav,/cello/Lq3671NhNZk.mp4,159
/flute/UD2SYltnnlY.wav,/flute/UD2SYltnnlY.mp4,210
/accordion/vhVtX8F0-BY.wav,/accordion/vhVtX8F0-BY.mp4,123
/xylophone/McMd-s4XpZk.wav,/xylophone/McMd-s4XpZk.mp4,77
/accordion/-DlGdZNAsxA.wav,/accordion/-DlGdZNAsxA.mp4,193
/xylophone/GF-3c8hBi9I.wav,/xylophone/GF-3c8hBi9I.mp4,194
/saxophone/lm51ySOO71o.wav,/saxophone/lm51ySOO71o.mp4,81
/violin/9dOqmTMqp1k.wav,/violin/9dOqmTMqp1k.mp4,100
/tuba/_idF1Hf3-CI.wav,/tuba/_idF1Hf3-CI.mp4,227
/saxophone/QOYMhOXfGMw.wav,/saxophone/QOYMhOXfGMw.mp4,190
/erhu/JEDgAVcR_yE.wav,/erhu/JEDgAVcR_yE.mp4,41
/acoustic_guitar/5awjINljUoo.wav,/acoustic_guitar/5awjINljUoo.mp4,155
/flute/unRA0xR-XWc.wav,/flute/unRA0xR-XWc.mp4,95
/flute/f1a-JF06840.wav,/flute/f1a-JF06840.mp4,165
/erhu/8rb-thew50c.wav,/erhu/8rb-thew50c.mp4,81
/acoustic_guitar/86hnEemgPPw.wav,/acoustic_guitar/86hnEemgPPw.mp4,214
/acoustic_guitar/M3dekVSwNjY.wav,/acoustic_guitar/M3dekVSwNjY.mp4,199
/trumpet/TaII-y9-5Iw.wav,/trumpet/TaII-y9-5Iw.mp4,100
/tuba/GPh_9jtWub8.wav,/tuba/GPh_9jtWub8.mp4,73
/clarinet/W9ZICrM6V-s.wav,/clarinet/W9ZICrM6V-s.mp4,47
/clarinet/eIqVZuyPu2U.wav,/clarinet/eIqVZuyPu2U.mp4,61
/trumpet/6G78knF3eFk.wav,/trumpet/6G78knF3eFk.mp4,49
/cello/R6M2LLmUg1k.wav,/cello/R6M2LLmUg1k.mp4,113
/accordion/2WZsNZrbt6w.wav,/accordion/2WZsNZrbt6w.mp4,174
/violin/bapfkDpaSGw.wav,/violin/bapfkDpaSGw.mp4,111
/flute/SMp2-xo1lZE.wav,/flute/SMp2-xo1lZE.mp4,59
/xylophone/dpnBlIZGyJA.wav,/xylophone/dpnBlIZGyJA.mp4,39
/violin/rg41DcQAwWI.wav,/violin/rg41DcQAwWI.mp4,132
/flute/qb-ttddKLYo.wav,/flute/qb-ttddKLYo.mp4,23
/flute/cTO_2R81fdY.wav,/flute/cTO_2R81fdY.mp4,91
/flute/uJnD0NCyJoc.wav,/flute/uJnD0NCyJoc.mp4,211
/flute/cZoWhKTZTYY.wav,/flute/cZoWhKTZTYY.mp4,60
/cello/TBngVoy_GrE.wav,/cello/TBngVoy_GrE.mp4,111
/erhu/DLTK2_UyrDI.wav,/erhu/DLTK2_UyrDI.mp4,86
/violin/41b8GUEx-OM.wav,/violin/41b8GUEx-OM.mp4,137
/accordion/phwHB8nASOo.wav,/accordion/phwHB8nASOo.mp4,91
/trumpet/sPtLTnsCgMY.wav,/trumpet/sPtLTnsCgMY.mp4,22
/trumpet/ufsSRKgUb6g.wav,/trumpet/ufsSRKgUb6g.mp4,24
/xylophone/-XAsXmbExkE.wav,/xylophone/-XAsXmbExkE.mp4,132
/cello/DPSLdZBaQTM.wav,/cello/DPSLdZBaQTM.mp4,219
/erhu/P6mSuuTzYxk.wav,/erhu/P6mSuuTzYxk.mp4,169
/xylophone/XmjMGVv3TLk.wav,/xylophone/XmjMGVv3TLk.mp4,111
/flute/1fhZ3iBeK2g.wav,/flute/1fhZ3iBeK2g.mp4,119
/violin/vYr0vft28Tg.wav,/violin/vYr0vft28Tg.mp4,168
/clarinet/aTYc-hHt4us.wav,/clarinet/aTYc-hHt4us.mp4,105
/cello/9xj3e5A8XwE.wav,/cello/9xj3e5A8XwE.mp4,192
/trumpet/nKc4srJBgYU.wav,/trumpet/nKc4srJBgYU.mp4,48
/saxophone/TSEWnnKagqQ.wav,/saxophone/TSEWnnKagqQ.mp4,127
/erhu/0oKi3ARn640.wav,/erhu/0oKi3ARn640.mp4,146
/clarinet/U6iN9QcIp7I.wav,/clarinet/U6iN9QcIp7I.mp4,84
/violin/HyD1g1KDoEE.wav,/violin/HyD1g1KDoEE.mp4,222
/violin/XlvlHfWjKx4.wav,/violin/XlvlHfWjKx4.mp4,169
/acoustic_guitar/Y-dpHbPGQWE.wav,/acoustic_guitar/Y-dpHbPGQWE.mp4,235
/accordion/UYp3dKioAao.wav,/accordion/UYp3dKioAao.mp4,160
/saxophone/x5Bzb6R73JQ.wav,/saxophone/x5Bzb6R73JQ.mp4,87
/cello/MvkJvZSOmjY.wav,/cello/MvkJvZSOmjY.mp4,47
/cello/MCftKtqmH1A.wav,/cello/MCftKtqmH1A.mp4,142
/xylophone/KPTyodoU2ng.wav,/xylophone/KPTyodoU2ng.mp4,191
/xylophone/9fOU26yd0Pw.wav,/xylophone/9fOU26yd0Pw.mp4,98
/trumpet/aCi1P8Rymo4.wav,/trumpet/aCi1P8Rymo4.mp4,90
/acoustic_guitar/2CcXQsF06Xo.wav,/acoustic_guitar/2CcXQsF06Xo.mp4,154
/trumpet/S1iKARDRvX4.wav,/trumpet/S1iKARDRvX4.mp4,23
/flute/hYepU4PQFAo.wav,/flute/hYepU4PQFAo.mp4,59
/trumpet/aavW-tx8daw.wav,/trumpet/aavW-tx8daw.mp4,90
/erhu/Lv2vc_8CZLc.wav,/erhu/Lv2vc_8CZLc.mp4,163
/acoustic_guitar/XYizxH7yAqA.wav,/acoustic_guitar/XYizxH7yAqA.mp4,109
/acoustic_guitar/PA8DVnECfh0.wav,/acoustic_guitar/PA8DVnECfh0.mp4,190
/flute/XlPvAkLT3Yw.wav,/flute/XlPvAkLT3Yw.mp4,206
/accordion/yn1NaZWN_qQ.wav,/accordion/yn1NaZWN_qQ.mp4,83
/erhu/9PJgKV2VCcM.wav,/erhu/9PJgKV2VCcM.mp4,141
/trumpet/2gk-IN35s5I.wav,/trumpet/2gk-IN35s5I.mp4,104
/tuba/G46O0IzYtt0.wav,/tuba/G46O0IzYtt0.mp4,66
/accordion/cp_0VICDDSc.wav,/accordion/cp_0VICDDSc.mp4,138
/erhu/6d0tmb28kV4.wav,/erhu/6d0tmb28kV4.mp4,58
/clarinet/IZx6ZXWuOGY.wav,/clarinet/IZx6ZXWuOGY.mp4,121
/clarinet/DS500VD8YDg.wav,/clarinet/DS500VD8YDg.mp4,208
/xylophone/Sw8346DYwME.wav,/xylophone/Sw8346DYwME.mp4,69
/acoustic_guitar/Czn6lg--pRw.wav,/acoustic_guitar/Czn6lg--pRw.mp4,200
/cello/_Nr58vTAIkw.wav,/cello/_Nr58vTAIkw.mp4,163
/trumpet/qsciXAjiwF0.wav,/trumpet/qsciXAjiwF0.mp4,67
/clarinet/cEhrpbRf-DY.wav,/clarinet/cEhrpbRf-DY.mp4,78
/accordion/q4kscRK91y4.wav,/accordion/q4kscRK91y4.mp4,119
/accordion/PMDSfAZ4-eo.wav,/accordion/PMDSfAZ4-eo.mp4,231
/tuba/Aibr0BCz-Yk.wav,/tuba/Aibr0BCz-Yk.mp4,184
/erhu/DlqCn_xrNRU.wav,/erhu/DlqCn_xrNRU.mp4,101
/xylophone/fhzqzm0dYuE.wav,/xylophone/fhzqzm0dYuE.mp4,159
/accordion/ADxyFxpe1ls.wav,/accordion/ADxyFxpe1ls.mp4,218
/xylophone/VcEhFKOTF7A.wav,/xylophone/VcEhFKOTF7A.mp4,59
/cello/IcV9yqQOqkw.wav,/cello/IcV9yqQOqkw.mp4,107
/erhu/I5IYfx7ontI.wav,/erhu/I5IYfx7ontI.mp4,175
/trumpet/g1sNdUDTfJQ.wav,/trumpet/g1sNdUDTfJQ.mp4,71
/trumpet/ZuJEVqon3lM.wav,/trumpet/ZuJEVqon3lM.mp4,62
/accordion/OnT8HuJuuIA.wav,/accordion/OnT8HuJuuIA.mp4,107
/accordion/7G6QVPCHv6Q.wav,/accordion/7G6QVPCHv6Q.mp4,178
/saxophone/NLGte2YC6Oc.wav,/saxophone/NLGte2YC6Oc.mp4,146
/trumpet/wEF6fWnx_wY.wav,/trumpet/wEF6fWnx_wY.mp4,89
/cello/-_-TDDxoaAc.wav,/cello/-_-TDDxoaAc.mp4,218
/erhu/-SzFwDekTGo.wav,/erhu/-SzFwDekTGo.mp4,171
/flute/3q104tR3k2Q.wav,/flute/3q104tR3k2Q.mp4,122
/tuba/6pkShdDe9LU.wav,/tuba/6pkShdDe9LU.mp4,22
/acoustic_guitar/1XfdURNeY6s.wav,/acoustic_guitar/1XfdURNeY6s.mp4,208
/xylophone/PF9PrzmkR2Q.wav,/xylophone/PF9PrzmkR2Q.mp4,88
/cello/IlDWk-x6Cag.wav,/cello/IlDWk-x6Cag.mp4,69
/violin/-5CDUnGu3jA.wav,/violin/-5CDUnGu3jA.mp4,209
/xylophone/ag7eC_pVobo.wav,/xylophone/ag7eC_pVobo.mp4,198
/flute/KgebjbW1mGk.wav,/flute/KgebjbW1mGk.mp4,85
/xylophone/6I846oP0E7Q.wav,/xylophone/6I846oP0E7Q.mp4,197
/saxophone/e5YNEk9Ye-o.wav,/saxophone/e5YNEk9Ye-o.mp4,68
/violin/ySFS1KgXerA.wav,/violin/ySFS1KgXerA.mp4,192
/flute/WNeHlya4VnQ.wav,/flute/WNeHlya4VnQ.mp4,94
/saxophone/iEOdwzdXmfE.wav,/saxophone/iEOdwzdXmfE.mp4,90
/flute/d5IO46KfjR4.wav,/flute/d5IO46KfjR4.mp4,100
/cello/Rr1UkDkhDlA.wav,/cello/Rr1UkDkhDlA.mp4,159
/xylophone/91MhpKVea30.wav,/xylophone/91MhpKVea30.mp4,230
/trumpet/eBoCeQtoFtM.wav,/trumpet/eBoCeQtoFtM.mp4,73
/acoustic_guitar/1TBxNBIUx3o.wav,/acoustic_guitar/1TBxNBIUx3o.mp4,126
/acoustic_guitar/XTKxjzg1xwM.wav,/acoustic_guitar/XTKxjzg1xwM.mp4,191
/cello/4Oy5VmaacaI.wav,/cello/4Oy5VmaacaI.mp4,152
/flute/oEb2mlij38w.wav,/flute/oEb2mlij38w.mp4,44
/violin/pWGLb57zbz8.wav,/violin/pWGLb57zbz8.mp4,149
/accordion/1mCi6eWXVbg.wav,/accordion/1mCi6eWXVbg.mp4,125
/accordion/7C-udYVfjoY.wav,/accordion/7C-udYVfjoY.mp4,131
/accordion/A2p8VW61RGc.wav,/accordion/A2p8VW61RGc.mp4,92
/saxophone/R700Q9DEUEk.wav,/saxophone/R700Q9DEUEk.mp4,92
/xylophone/JbGvqve_JH0.wav,/xylophone/JbGvqve_JH0.mp4,134
/accordion/RRjph7N4hvk.wav,/accordion/RRjph7N4hvk.mp4,161
/xylophone/lJfi82vd9eI.wav,/xylophone/lJfi82vd9eI.mp4,236
/tuba/8EU0xM-pQOI.wav,/tuba/8EU0xM-pQOI.mp4,41
/xylophone/2kBkI6f1X_s.wav,/xylophone/2kBkI6f1X_s.mp4,99
/clarinet/iHQIK5JM3Xo.wav,/clarinet/iHQIK5JM3Xo.mp4,113
/flute/QAiwlq3aP2U.wav,/flute/QAiwlq3aP2U.mp4,141
/erhu/BBIENSA_GkE.wav,/erhu/BBIENSA_GkE.mp4,60
/acoustic_guitar/5UZF3bGoZpM.wav,/acoustic_guitar/5UZF3bGoZpM.mp4,212
/violin/X2gQ8Jnk2P8.wav,/violin/X2gQ8Jnk2P8.mp4,133
/clarinet/5ESDEU04WSQ.wav,/clarinet/5ESDEU04WSQ.mp4,184
/accordion/1LnKd5cuqIc.wav,/accordion/1LnKd5cuqIc.mp4,157
/clarinet/-PxCSCYT6rw.wav,/clarinet/-PxCSCYT6rw.mp4,31
/accordion/0N26WnKiCIg.wav,/accordion/0N26WnKiCIg.mp4,136
/flute/D5gWhSH7jRU.wav,/flute/D5gWhSH7jRU.mp4,113
/cello/_oUTOskOwXs.wav,/cello/_oUTOskOwXs.mp4,98
/accordion/ZoE25YHTGDQ.wav,/accordion/ZoE25YHTGDQ.mp4,129
/clarinet/_O1mTqCSo6E.wav,/clarinet/_O1mTqCSo6E.mp4,118
/cello/1Ju4S0qeDqw.wav,/cello/1Ju4S0qeDqw.mp4,173
/trumpet/2V12S02E2Jc.wav,/trumpet/2V12S02E2Jc.mp4,81
/erhu/Mdryqvk0UH0.wav,/erhu/Mdryqvk0UH0.mp4,36
/acoustic_guitar/8LU-kq19V3Y.wav,/acoustic_guitar/8LU-kq19V3Y.mp4,95
/flute/sybsjsj1zPo.wav,/flute/sybsjsj1zPo.mp4,214
/tuba/W9VsprvJQAM.wav,/tuba/W9VsprvJQAM.mp4,105
/erhu/HwVslStJE6U.wav,/erhu/HwVslStJE6U.mp4,41
/trumpet/7q1E1pueAU4.wav,/trumpet/7q1E1pueAU4.mp4,32
/clarinet/b9hVMnMfLoA.wav,/clarinet/b9hVMnMfLoA.mp4,26
/tuba/4AsWvRTLPWI.wav,/tuba/4AsWvRTLPWI.mp4,39
/tuba/V9NILCtoTkc.wav,/tuba/V9NILCtoTkc.mp4,55
/accordion/1oz3h9doX_g.wav,/accordion/1oz3h9doX_g.mp4,140
/tuba/LKMBOuDkEqo.wav,/tuba/LKMBOuDkEqo.mp4,38
/erhu/HGqEtp1wpyc.wav,/erhu/HGqEtp1wpyc.mp4,139
/accordion/Y5EwbTgIswk.wav,/accordion/Y5EwbTgIswk.mp4,204
/cello/I--nizkVQzE.wav,/cello/I--nizkVQzE.mp4,103
/violin/2ZxAVUsuE4Y.wav,/violin/2ZxAVUsuE4Y.mp4,95
/flute/BhXj3rVWGZ0.wav,/flute/BhXj3rVWGZ0.mp4,145
/accordion/cFskXS823Kk.wav,/accordion/cFskXS823Kk.mp4,136
/xylophone/QoFHDWgxD9w.wav,/xylophone/QoFHDWgxD9w.mp4,164
/tuba/Gufj4Jhk92I.wav,/tuba/Gufj4Jhk92I.mp4,68
/clarinet/23DDVbzSig8.wav,/clarinet/23DDVbzSig8.mp4,67
/tuba/73ikMuXwKgc.wav,/tuba/73ikMuXwKgc.mp4,37
/flute/jW_AuF6dQYY.wav,/flute/jW_AuF6dQYY.mp4,71
/flute/Wt40rzyGSBs.wav,/flute/Wt40rzyGSBs.mp4,111
/saxophone/lDCeAgGUwyc.wav,/saxophone/lDCeAgGUwyc.mp4,193
/accordion/E6jlrR-M3tk.wav,/accordion/E6jlrR-M3tk.mp4,153
/acoustic_guitar/IPsA3sz934M.wav,/acoustic_guitar/IPsA3sz934M.mp4,193
/cello/7RRqeIUqXPs.wav,/cello/7RRqeIUqXPs.mp4,193
/flute/9L4BvIDqhm8.wav,/flute/9L4BvIDqhm8.mp4,107
/flute/tfcNUo8qjrA.wav,/flute/tfcNUo8qjrA.mp4,130
/acoustic_guitar/72yB-xyIcGI.wav,/acoustic_guitar/72yB-xyIcGI.mp4,224
/cello/VdFnyZWJAgo.wav,/cello/VdFnyZWJAgo.mp4,220
/xylophone/Z36VEiqi02Y.wav,/xylophone/Z36VEiqi02Y.mp4,188
/xylophone/BwDQ9VIW74Q.wav,/xylophone/BwDQ9VIW74Q.mp4,93
/clarinet/82pGU0POQSM.wav,/clarinet/82pGU0POQSM.mp4,92
/erhu/EJ-dXyKrSKA.wav,/erhu/EJ-dXyKrSKA.mp4,156
/trumpet/UFNc_74au6A.wav,/trumpet/UFNc_74au6A.mp4,70
/cello/PCicM6i59_I.wav,/cello/PCicM6i59_I.mp4,167
/accordion/MKSTzG114d0.wav,/accordion/MKSTzG114d0.mp4,68
/tuba/N3nwDmWvsF4.wav,/tuba/N3nwDmWvsF4.mp4,223
/flute/LKVxvHeb8hs.wav,/flute/LKVxvHeb8hs.mp4,98
/flute/B0xFpw9qvD4.wav,/flute/B0xFpw9qvD4.mp4,84
/tuba/P_lSgczU2Sk.wav,/tuba/P_lSgczU2Sk.mp4,46
/saxophone/xyi0Ft3sb0U.wav,/saxophone/xyi0Ft3sb0U.mp4,62
/xylophone/c-Yr5qyCefA.wav,/xylophone/c-Yr5qyCefA.mp4,154
/cello/FntHqAlD1S0.wav,/cello/FntHqAlD1S0.mp4,141
/clarinet/0IRJ75zgcAY.wav,/clarinet/0IRJ75zgcAY.mp4,179
/tuba/C952gmBlkIU.wav,/tuba/C952gmBlkIU.mp4,156
/saxophone/LqyX7bRrMTw.wav,/saxophone/LqyX7bRrMTw.mp4,108
/trumpet/8jxZMGYbQIw.wav,/trumpet/8jxZMGYbQIw.mp4,79
/violin/DR03cfIsEts.wav,/violin/DR03cfIsEts.mp4,112
/acoustic_guitar/HGlIImajcRI.wav,/acoustic_guitar/HGlIImajcRI.mp4,198
/erhu/C7K9dQHlViM.wav,/erhu/C7K9dQHlViM.mp4,143
/erhu/XvnFhocZ6qM.wav,/erhu/XvnFhocZ6qM.mp4,214
/tuba/HQveyGmUBSs.wav,/tuba/HQveyGmUBSs.mp4,140
/flute/UZK_2bTuzrI.wav,/flute/UZK_2bTuzrI.mp4,39
/clarinet/0OrLdMPOyos.wav,/clarinet/0OrLdMPOyos.mp4,58
/accordion/STtGADifdUw.wav,/accordion/STtGADifdUw.mp4,88
/erhu/Vq0eH1uUvXc.wav,/erhu/Vq0eH1uUvXc.mp4,178
/erhu/Us9dxgfBfeo.wav,/erhu/Us9dxgfBfeo.mp4,174
/xylophone/894n_sDSEc0.wav,/xylophone/894n_sDSEc0.mp4,132
/trumpet/ZRpsKMe5dSg.wav,/trumpet/ZRpsKMe5dSg.mp4,112
/cello/CjNKUiFHUC8.wav,/cello/CjNKUiFHUC8.mp4,220
/flute/SAN5JBTnlas.wav,/flute/SAN5JBTnlas.mp4,58
/tuba/9RSYp7jWRfY.wav,/tuba/9RSYp7jWRfY.mp4,21
/trumpet/ENnSwgLc2B4.wav,/trumpet/ENnSwgLc2B4.mp4,39
/flute/MvPqp3oZwOk.wav,/flute/MvPqp3oZwOk.mp4,69
/saxophone/FR_1gEaBeeE.wav,/saxophone/FR_1gEaBeeE.mp4,99
/cello/3N1KAaBJkwU.wav,/cello/3N1KAaBJkwU.mp4,82
/cello/2R12lQszz90.wav,/cello/2R12lQszz90.mp4,149
/violin/kuNep98Fd8o.wav,/violin/kuNep98Fd8o.mp4,173
/accordion/2gyrqiqTuiM.wav,/accordion/2gyrqiqTuiM.mp4,211
/tuba/DVrCy36Uigo.wav,/tuba/DVrCy36Uigo.mp4,119
/acoustic_guitar/AszMf9QGxug.wav,/acoustic_guitar/AszMf9QGxug.mp4,207
/violin/9kwbEUqCNbU.wav,/violin/9kwbEUqCNbU.mp4,127
/violin/cMYr693e3Eo.wav,/violin/cMYr693e3Eo.mp4,60
/violin/MfzC4e3nD4I.wav,/violin/MfzC4e3nD4I.mp4,176
/saxophone/fH4pDr8CqI8.wav,/saxophone/fH4pDr8CqI8.mp4,148
/accordion/fful4o8CIW8.wav,/accordion/fful4o8CIW8.mp4,94
/erhu/V9rjOI5YEDE.wav,/erhu/V9rjOI5YEDE.mp4,121
/trumpet/y-Y6QAUqSKg.wav,/trumpet/y-Y6QAUqSKg.mp4,72
/saxophone/OxA5Z_5-w0E.wav,/saxophone/OxA5Z_5-w0E.mp4,180
/violin/-_jlqeSs6ZU.wav,/violin/-_jlqeSs6ZU.mp4,78
/xylophone/lVpWbUIW0gY.wav,/xylophone/lVpWbUIW0gY.mp4,97
/clarinet/TREfn2OfujU.wav,/clarinet/TREfn2OfujU.mp4,55
/cello/EvBzKBdfZxA.wav,/cello/EvBzKBdfZxA.mp4,63
/accordion/CgCMBFcifVE.wav,/accordion/CgCMBFcifVE.mp4,185
/erhu/-e5DuAUwBgA.wav,/erhu/-e5DuAUwBgA.mp4,105
/acoustic_guitar/HPyM9xzrih0.wav,/acoustic_guitar/HPyM9xzrih0.mp4,135
/flute/j0U_hqIH_XM.wav,/flute/j0U_hqIH_XM.mp4,149
/clarinet/IFEP8Z5Qos0.wav,/clarinet/IFEP8Z5Qos0.mp4,28
/tuba/4CTkB84ukfY.wav,/tuba/4CTkB84ukfY.mp4,42
/acoustic_guitar/MVZGmcXU2D8.wav,/acoustic_guitar/MVZGmcXU2D8.mp4,207
/accordion/yy2vL2RUiPI.wav,/accordion/yy2vL2RUiPI.mp4,113
/xylophone/JkhKTTB0YB8.wav,/xylophone/JkhKTTB0YB8.mp4,36
/trumpet/EwG7o3SS-r0.wav,/trumpet/EwG7o3SS-r0.mp4,91
/clarinet/MqB8Ux4DsIM.wav,/clarinet/MqB8Ux4DsIM.mp4,23
/tuba/S9ES30JJTZc.wav,/tuba/S9ES30JJTZc.mp4,63
/tuba/8sgzGhxw-tM.wav,/tuba/8sgzGhxw-tM.mp4,130
/accordion/Dcp8AuzTG-w.wav,/accordion/Dcp8AuzTG-w.mp4,157
/flute/eHbxLcoLWYY.wav,/flute/eHbxLcoLWYY.mp4,89
/tuba/KrlDeCWv9ak.wav,/tuba/KrlDeCWv9ak.mp4,184
/tuba/aerJoJj--HU.wav,/tuba/aerJoJj--HU.mp4,146
/xylophone/loCRmBvtHZ4.wav,/xylophone/loCRmBvtHZ4.mp4,149
/cello/Rj5XJO5T8PY.wav,/cello/Rj5XJO5T8PY.mp4,132
/acoustic_guitar/1OsOEt5Qpfc.wav,/acoustic_guitar/1OsOEt5Qpfc.mp4,158
/acoustic_guitar/7zrsesZWrhc.wav,/acoustic_guitar/7zrsesZWrhc.mp4,234
/xylophone/EHKq3-zwphs.wav,/xylophone/EHKq3-zwphs.mp4,121
/xylophone/-0gYWIOfqdM.wav,/xylophone/-0gYWIOfqdM.mp4,87
/accordion/OIBq0bBziuw.wav,/accordion/OIBq0bBziuw.mp4,149
/tuba/GV2bbRPFhvk.wav,/tuba/GV2bbRPFhvk.mp4,43
/acoustic_guitar/PDohhCaNf98.wav,/acoustic_guitar/PDohhCaNf98.mp4,230
/clarinet/ZXz0cVq_RTI.wav,/clarinet/ZXz0cVq_RTI.mp4,63
/cello/VYkZb7F4zKo.wav,/cello/VYkZb7F4zKo.mp4,171
/cello/SyToSKUxgKs.wav,/cello/SyToSKUxgKs.mp4,173
/acoustic_guitar/RgB3wzNVZyY.wav,/acoustic_guitar/RgB3wzNVZyY.mp4,101
/tuba/Xm5a8vCHlFw.wav,/tuba/Xm5a8vCHlFw.mp4,58
/clarinet/PNnZ8wScXjw.wav,/clarinet/PNnZ8wScXjw.mp4,41
/xylophone/Xx0Haa8Fk2o.wav,/xylophone/Xx0Haa8Fk2o.mp4,222
/cello/S86qStDAz3A.wav,/cello/S86qStDAz3A.mp4,123
/acoustic_guitar/OBbmnUIJQDQ.wav,/acoustic_guitar/OBbmnUIJQDQ.mp4,103
/flute/8o5ngxZaYYw.wav,/flute/8o5ngxZaYYw.mp4,88
/acoustic_guitar/DvbeXXoraro.wav,/acoustic_guitar/DvbeXXoraro.mp4,146
/flute/X8rR0SV_BhU.wav,/flute/X8rR0SV_BhU.mp4,153
/acoustic_guitar/9ygrq7in_uI.wav,/acoustic_guitar/9ygrq7in_uI.mp4,208
/xylophone/Lp9rAMPaqLQ.wav,/xylophone/Lp9rAMPaqLQ.mp4,218
/trumpet/889Kxn_RYzo.wav,/trumpet/889Kxn_RYzo.mp4,26
/flute/cyUUlWSEujk.wav,/flute/cyUUlWSEujk.mp4,42
/accordion/_jPFkOkNjuo.wav,/accordion/_jPFkOkNjuo.mp4,68
/accordion/s1hBC8N4-Zo.wav,/accordion/s1hBC8N4-Zo.mp4,155
/erhu/-5MipMQ25cU.wav,/erhu/-5MipMQ25cU.mp4,124
/tuba/35TPV7_D7do.wav,/tuba/35TPV7_D7do.mp4,27
/trumpet/ds0ayqYweAc.wav,/trumpet/ds0ayqYweAc.mp4,35
/violin/H-j5lp2QjEE.wav,/violin/H-j5lp2QjEE.mp4,105
/trumpet/VQR_CcRrZA0.wav,/trumpet/VQR_CcRrZA0.mp4,20
/cello/XS_dSmZ0xbw.wav,/cello/XS_dSmZ0xbw.mp4,236
/xylophone/Jtq-HDS3Zdc.wav,/xylophone/Jtq-HDS3Zdc.mp4,88
/xylophone/oQJVBH6ST7o.wav,/xylophone/oQJVBH6ST7o.mp4,198
/violin/-tY40Ev8IzE.wav,/violin/-tY40Ev8IzE.mp4,178
/xylophone/Jd5heRezP5s.wav,/xylophone/Jd5heRezP5s.mp4,113
/clarinet/TKN7q-aEwZw.wav,/clarinet/TKN7q-aEwZw.mp4,161
/xylophone/NdzCe7COROw.wav,/xylophone/NdzCe7COROw.mp4,222
/tuba/AAUm9njcMRk.wav,/tuba/AAUm9njcMRk.mp4,95
/accordion/qBnsIqyXheM.wav,/accordion/qBnsIqyXheM.mp4,212
/cello/5Eg6GNhszNE.wav,/cello/5Eg6GNhszNE.mp4,120
/violin/lp4_79ooAQo.wav,/violin/lp4_79ooAQo.mp4,97
/cello/97UEABGyyw8.wav,/cello/97UEABGyyw8.mp4,129
/xylophone/L_ErwglZCJM.wav,/xylophone/L_ErwglZCJM.mp4,69
/xylophone/No-IJw4uWMw.wav,/xylophone/No-IJw4uWMw.mp4,188
/cello/-oe-KptPGnY.wav,/cello/-oe-KptPGnY.mp4,93
/acoustic_guitar/KOt3oARDH9I.wav,/acoustic_guitar/KOt3oARDH9I.mp4,141
/erhu/P_dHPMofcwM.wav,/erhu/P_dHPMofcwM.mp4,85
/acoustic_guitar/9SZLDvRaHEA.wav,/acoustic_guitar/9SZLDvRaHEA.mp4,131
/clarinet/X3GbAKww1KI.wav,/clarinet/X3GbAKww1KI.mp4,69
/trumpet/_AtTFfgZvEk.wav,/trumpet/_AtTFfgZvEk.mp4,77
/violin/P4KxMdjna0k.wav,/violin/P4KxMdjna0k.mp4,120
/erhu/1wrfS5PHbKE.wav,/erhu/1wrfS5PHbKE.mp4,102
/violin/BMhnTdy-A0M.wav,/violin/BMhnTdy-A0M.mp4,49
/erhu/37HdHAzJrOQ.wav,/erhu/37HdHAzJrOQ.mp4,165
/saxophone/EIpvnh0otts.wav,/saxophone/EIpvnh0otts.mp4,152
/tuba/BabDKZLYlyE.wav,/tuba/BabDKZLYlyE.mp4,37
/clarinet/GQGBzVaDTmM.wav,/clarinet/GQGBzVaDTmM.mp4,88
/acoustic_guitar/8YELO9yxs_c.wav,/acoustic_guitar/8YELO9yxs_c.mp4,191
/accordion/KC2RgtW4IZ0.wav,/accordion/KC2RgtW4IZ0.mp4,72
/trumpet/Ba4ajAm0VDI.wav,/trumpet/Ba4ajAm0VDI.mp4,73
/cello/VlIcqDWmPkw.wav,/cello/VlIcqDWmPkw.mp4,190
/acoustic_guitar/7SPnwtQkUb4.wav,/acoustic_guitar/7SPnwtQkUb4.mp4,230
/accordion/iB17xqmFw3A.wav,/accordion/iB17xqmFw3A.mp4,200
/erhu/GgZOTwwD39Y.wav,/erhu/GgZOTwwD39Y.mp4,233
/violin/MeAWoVYCPL8.wav,/violin/MeAWoVYCPL8.mp4,219
/saxophone/tGG2P7mjuqQ.wav,/saxophone/tGG2P7mjuqQ.mp4,52
/erhu/HOUBn-wHcwQ.wav,/erhu/HOUBn-wHcwQ.mp4,137
/cello/YmKMEpt9OjQ.wav,/cello/YmKMEpt9OjQ.mp4,210
/cello/I0LedcEaPL0.wav,/cello/I0LedcEaPL0.mp4,184
/tuba/InzjAr8VdvY.wav,/tuba/InzjAr8VdvY.mp4,45
/cello/QeravklOaAg.wav,/cello/QeravklOaAg.mp4,229
/erhu/BB6a5BPpbFs.wav,/erhu/BB6a5BPpbFs.mp4,179
/accordion/Q-Jkk6mJ8AI.wav,/accordion/Q-Jkk6mJ8AI.mp4,104
/clarinet/2D5nT67CIRw.wav,/clarinet/2D5nT67CIRw.mp4,114
/erhu/YLTpkQqX_ek.wav,/erhu/YLTpkQqX_ek.mp4,76
/violin/WjwOm5pJlI0.wav,/violin/WjwOm5pJlI0.mp4,103
/clarinet/iLeEWSC2M2U.wav,/clarinet/iLeEWSC2M2U.mp4,59
/tuba/8YNdpTm2vsc.wav,/tuba/8YNdpTm2vsc.mp4,238
/acoustic_guitar/FoOVn7MACAE.wav,/acoustic_guitar/FoOVn7MACAE.mp4,225
/erhu/7THzf3cfEtA.wav,/erhu/7THzf3cfEtA.mp4,39
/erhu/MTyf4utLlJk.wav,/erhu/MTyf4utLlJk.mp4,215
/saxophone/e73x3LGeb_Q.wav,/saxophone/e73x3LGeb_Q.mp4,128
/tuba/LUZf782HzNo.wav,/tuba/LUZf782HzNo.mp4,163
/flute/7Zudy1bw7bw.wav,/flute/7Zudy1bw7bw.mp4,192
/violin/VuDxLNdxl6I.wav,/violin/VuDxLNdxl6I.mp4,230
/violin/YK94q0Fwquc.wav,/violin/YK94q0Fwquc.mp4,39
/violin/8mDNLCo1McQ.wav,/violin/8mDNLCo1McQ.mp4,112
/acoustic_guitar/30BRN7-KOG4.wav,/acoustic_guitar/30BRN7-KOG4.mp4,221
/erhu/7v9Z3IdjP8s.wav,/erhu/7v9Z3IdjP8s.mp4,175
/xylophone/qLLwSb9YX5g.wav,/xylophone/qLLwSb9YX5g.mp4,34
/cello/Mff3pp-Fj2w.wav,/cello/Mff3pp-Fj2w.mp4,102
/tuba/WSRAO6abxog.wav,/tuba/WSRAO6abxog.mp4,87
/accordion/bq5utI8KK_8.wav,/accordion/bq5utI8KK_8.mp4,110
/acoustic_guitar/2lJh-6TYdX8.wav,/acoustic_guitar/2lJh-6TYdX8.mp4,97
/accordion/MnoQccPJbyM.wav,/accordion/MnoQccPJbyM.mp4,238
/clarinet/JnAAzR4XZ-I.wav,/clarinet/JnAAzR4XZ-I.mp4,46
/trumpet/nZ4HNz9xvSw.wav,/trumpet/nZ4HNz9xvSw.mp4,74
/cello/WVeheJFHQS4.wav,/cello/WVeheJFHQS4.mp4,209
/tuba/SDR39fhyZRI.wav,/tuba/SDR39fhyZRI.mp4,106
/violin/nyOkMXal0yA.wav,/violin/nyOkMXal0yA.mp4,175
/tuba/ZtVxXYObmOQ.wav,/tuba/ZtVxXYObmOQ.mp4,215
/violin/GysCM0WBZzM.wav,/violin/GysCM0WBZzM.mp4,86
/violin/VtZXRWtp5G0.wav,/violin/VtZXRWtp5G0.mp4,66
/acoustic_guitar/MJmVYLWPnCI.wav,/acoustic_guitar/MJmVYLWPnCI.mp4,80
/trumpet/rZYf9Dl8ew0.wav,/trumpet/rZYf9Dl8ew0.mp4,53
/cello/PEyIPSlJNQM.wav,/cello/PEyIPSlJNQM.mp4,162
/xylophone/0o22Fy2Hr3s.wav,/xylophone/0o22Fy2Hr3s.mp4,229
/trumpet/PYjwNew61XQ.wav,/trumpet/PYjwNew61XQ.mp4,118
/acoustic_guitar/Eaq914E77oY.wav,/acoustic_guitar/Eaq914E77oY.mp4,143
/saxophone/geK-gOMgm20.wav,/saxophone/geK-gOMgm20.mp4,42
/cello/MUalqwUFrPs.wav,/cello/MUalqwUFrPs.mp4,219
/xylophone/DGn7xcsxMPk.wav,/xylophone/DGn7xcsxMPk.mp4,131
/clarinet/RqPkcu-xidI.wav,/clarinet/RqPkcu-xidI.mp4,226
/clarinet/5HNlS9UFELE.wav,/clarinet/5HNlS9UFELE.mp4,45